"Stadsdel ◄","Lägenhet","Bos.t. ◄","m2 ◄","Sk.fr. pris € ◄","€/m2 ◄","Br ◄","Vån ◄","Hiss ◄","Skick ◄","Tomt ◄","Energik. ◄"
"Keskusta","1h, kk, kph","kt","30,00",137000,4567,1964,"8/8","on","tyyd.","oma","C"
"Itäinen keskusta","1h,kk","kt","24,50",128000,5224,1962,"7/7","on","hyvä","oma","F2013"
"Satama","1h+kt","kt","25,50",125000,4902,2020,"7/7","on","hyvä","vuokra","B2013"
"Härkämäki","1h,k,kph,vh","kt","35,00",57800,1651,1982,"7/8","on","tyyd.","oma","B2007"
"Ruohonpää","1h, kk, p","kt","30,00",74000,2467,1990,"6/7","ei","hyvä","oma",
"Itäinen keskusta","1h, k","kt","55,00",183000,3327,1928,"6/6","on","hyvä","oma","D"
"Keskusta","1h+k+kph+parv","kt","32,00",160000,5000,1963,"6/6","on","tyyd.","oma","G2013"
"Itäinen keskusta","1h+kk+p","kt","28,00",111750,3991,1966,"6/6","on","tyyd.","oma","D2013"
"Pohjola","1h+kk","kt","27,00",129000,4778,1960,"6/7","on","hyvä","oma","F2018"
"Hepokulta","1h, kk, p","kt","34,00",56000,1647,1972,"6/8","on","tyyd.","oma","F2013"
"Raunistula","1h+kt","kt","27,50",162400,5905,2019,"6/6","on","hyvä","oma","C2013"
"Länsinummi","1h+kk+kph/wc+vh","kt","30,00",72000,2400,1976,"6/9","on","tyyd.","oma","E2007"
"Keskusta","1h,alkovi, k, k...","kt","41,00",162000,3951,1962,"6/7","on","tyyd.","oma","D2013"
"Raunistula","1h+kt+p","kt","25,00",169630,6785,2019,"6/6","on","hyvä","oma","C2013"
"Raunistula","1h+kt+p","kt","25,00",170900,6836,2019,"6/6","on","hyvä","oma","C2013"
"Satama","1 h,tk,parveke","kt","34,00",173500,5103,2020,"6/7","on"," ","oma","A2018"
"Satama","1 h,tk,parveke","kt","30,00",161000,5367,2020,"6/7","on"," ","oma","A2018"
"Martti","1h,kk,kph,p","kt","33,50",151200,4513,1993,"5/6","on","tyyd.","oma","E2013"
"Keskusta","1h, kk, p","kt","24,00",135550,5648,1962,"5/7","on","hyvä","oma",
"Satama","1 h,kt,p","kt","35,00",194000,5543,2022,"5/6","on"," ","oma","A2018"
"Satama","1 h,kt,p","kt","35,00",194000,5543,2022,"5/6","on"," ","oma","A2018"
"Satama","1 h,kt,p","kt","35,00",194000,5543,2022,"5/6","on"," ","oma","A2018"
"Läntinen keskusta","1h+alk+kt+parv","kt","44,00",195000,4432,2019,"5/6","on","hyvä","oma","C2013"
"Martti","1h+k+kph/wc+las...","kt","35,00",135000,3857,1961,"5/7","on"," ","oma","D2007"
"Lauste","h,kk","kt","30,00",60000,2000,1975,"5/8","on","hyvä","vuokra","D2018"
"Satama","1 h,tk,parveke","kt","30,00",158000,5267,2020,"5/7","on"," ","oma","A2018"
"Martinmäki","1h,keittosyvenn...","kt","29,00",139000,4793,1961,"5/7","on","tyyd.","oma","D2007"
"Satama","1 h,tk,parveke","kt","30,00",156000,5200,2020,"5/6","on"," ","oma","A2018"
"Ilpoinen","1h, kk (avokeit...","kt","29,00",73200,2524,1971,"5/8","on","hyvä","oma","D2007"
"Uittamo","1h, k, kph, vh","kt","39,00",100000,2564,1965,"4/7","on","tyyd.","oma","E2013"
"Keskusta","1h, kk, kh","kt","17,00",83000,4882,1936,"4/7","on","tyyd.","oma","F2013"
"Itäinen keskusta","1h+kk","kt","27,00",140000,5185,1928,"4/5","ei","tyyd.","oma","F2013"
"Satama","1 h,kt,p","kt","35,00",191000,5457,2022,"4/6","on"," ","oma","A2018"
"Itäinen keskusta","1h, kk, kph","kt","27,00",151000,5593,1928,"4/5","ei","hyvä","oma","C2007"
"Itäharju","tupakeitti...","kt","40,00",180000,4500,2000,"4/7","on","hyvä","oma","C2013"
"Läntinen keskusta","1h+alk+kt+parv","kt","44,00",246236,5596,2019,"4/6","on","hyvä","oma","C2013"
"Kakolanmäki","1h, kt, parveke","kt","31,00",185000,5968,2017,"4/5","on","hyvä","oma","C"
"Nummi","1h, kk,kh","kt","28,00",117000,4179,1960,"4/4","ei","hyvä","oma","E"
"Satama","1 h,tk,parveke","kt","30,00",154000,5133,2020,"4/7","on"," ","oma","A2018"
"Martinmäki","1h+kk","kt","29,00",143000,4931,1961,"4/7","on","hyvä","oma","D2007"
"Satama","1 h,tk,parveke","kt","30,00",153300,5110,2020,"4/7","on"," ","oma","A2018"
"Satama","1 h,tk,parveke","kt","34,00",169000,4971,2020,"4/7","on"," ","oma","A2018"
"Pohjola","1h+keittokomero...","kt","24,00",160000,6667,2018,"3/8","on","hyvä","oma","C2013"
"Westpark","1h+kk","kt","30,00",134000,4467,2011," ","on","hyvä","oma","A2013"
"Keskusta","1h,kk","kt","31,00",147501,4758,1929,"3/6","on","tyyd.","oma","F2013"
"Nättinummi","1 h+kk","kt","30,00",73000,2433,1973,"3/8","on","tyyd.","oma","F2013"
"Länt.keskusta","1h, kk, alkovi","kt","31,00",133500,4306,1951,"3/3","ei","hyvä","oma","D"
"Keskusta","1h, kk, kh","kt","30,00",134050,4468,1971,"3/8","on","hyvä","oma","D2013"
"Keskusta / linnanfältti","1h+kt+kph+p","kt","27,00",139000,5148,2018," ","on"," ","vuokra","B2018"
"Pohjola","1h+makuualkovi+...","kt","32,50",187000,5754,2018,"3/8","on","hyvä","oma","C2013"
"Keskusta","1h,kk","kt","35,00",147000,4200,1958,"3/7","on","tyyd.","oma","F2013"
"Satama","1 h,kt,p","kt","35,00",188000,5371,2022,"3/6","on"," ","oma","A2018"
"Keskusta / linnanfältti","1h+kt+kph+las.p","kt","27,00",139000,5148,2018,"3/3","on","hyvä","vuokra","B2018"
"Keskusta","1h,kk,s,lasit. ...","kt","37,00",167000,4514,2007,"3/8","on"," ","oma","E2013"
"Keskusta","1h+k+kph","kt","44,00",165500,3761,1931,"3/7","on","hyvä","oma","E2013"
"Keskusta / linnanfältti","1h+kt+kph+p","kt","27,00",140000,5185,2018,"3/3","on","hyvä","vuokra","B2018"
"Turku","1h, k, p","kt","39,00",152450,3909,1975,"3/5","on","tyyd.","oma","G2013"
"Keskusta","1h+kk+kph","kt","25,00",131000,5240,1959,"3/9","on","hyvä","oma","F"
"Itäinen keskusta","1h+kt","kt","27,00",159000,5889,1976,"3/8","on","hyvä","oma","D"
"Herttuankulma","1h+kt","kt","29,50",131000,4441,2020,"3/7","on","hyvä"," ","B2018"
"Linnanfältti","1h, kt","kt","26,00",135000,5192,2020,"3/3","on","hyvä","vuokra","B"
"Satama","1 h,tk,parveke","kt","34,00",162500,4779,2020,"3/6","on"," ","oma","A2018"
"Nummi","1 h, kk, ph/wc, p","kt","27,00",108000,4000,1958,"3/10","on","hyvä","oma","D2007"
"Satama","1 h,tk,parveke","kt","30,00",150000,5000,2020,"3/7","on"," ","oma","A2018"
"Teräsrautela","1h,k,s,parv.","kt","46,00",105000,2283,1985,"3/3","ei","tyyd.","oma","D2007"
"Suikkila","1h+pk","kt","35,00",89000,2543,1974,"2/4","ei","hyvä","oma","E2013"
"Runosmäki","1h, kk","kt","33,00",53000,1606,1975,"2/3","ei","hyvä","vuokra","D"
"Itäinen keskusta","1H+K","kt","43,10",171000,3968,1925,"2/5","on","tyyd.","oma","G2013"
"Nummi","1h+k","kt","25,00",64960,2598,1951,"2/3","ei","tyyd.","oma","F2013"
"Nättinummi","1 h+kk","kt","30,00",79000,2633,1976,"2/9","on","tyyd.","oma","E2013"
"Satama","1 h,kt,p","kt","35,00",184000,5257,2022,"2/6","on"," ","oma","A2018"
"Satama","1 h,kt,p","kt","35,00",184000,5257,2022,"2/6","on"," ","oma","A2018"
"Satama","1 h,kt,ransk.parv.","kt","35,00",179000,5114,2022,"2/6","on"," ","oma","A2018"
"Satama","1 h,kt,ransk.parv.","kt","35,00",179000,5114,2022,"2/6","on"," ","oma","A2018"
"Keskusta","1 h, kk, kph.","kt","33,00",135000,4091,1955,"2/9","ei","hyvä","oma","E2013"
"Kakola","1H, KT, KH","kt","30,00",199000,6633,1925,"2/3","on","hyvä","oma",
"Keskusta","1h+kk+kph/wc","kt","29,00",135000,4655,1959,"2/9","on","hyvä","oma","F2013"
"Nättinummi","1h+k+p","kt","30,00",93100,3103,1973,"2/4","on","hyvä","oma","D2007"
"Mälikkälä","1h,kk","kt","30,00",125000,4167,2011,"2/5","on","hyvä","oma","A2007"
"Itäinen keskusta","1h, kk","kt","28,00",156000,5571,1957,"2/3","ei","hyvä","oma","G2013"
"Herttuankulma","1h, kt, asuntopiha","kt","28,50",130100,4565,2020,"2/7","on","hyvä"," ","B2018"
"Martti","1 h, kk, kph","kt","29,00",112000,3862,1944,"2/3","ei","hyvä","oma","F2018"
"Herttuankulma","1h, kt, asuntopiha","kt","28,50",128000,4491,2020,"2/7","on","hyvä"," ","B2018"
"Nättinummi","1h,kk,alkovi","kt","31,50",61250,1944,1976,"2/2","ei","tyyd.","oma","B2007"
"Kähäri","1h, kk, p","kt","30,00",102100,3403,1980,"2/4","ei","tyyd.","oma","F2007"
"Itäinen keskusta","1h, kk","kt","28,00",150500,5375,1966,"2/7","on","tyyd.","oma","E2013"
"Vähäheikkilä","1h, k, kph, ran...","kt","28,00",87000,3107,1957,"2/2","ei","hyvä","oma","D2007"
"Kakolanmäki","1 h,kt","kt","24,00",145900,6079,2020,"2/6","on"," ","vuokra","B2018"
"Mäntymäki","1h,kk","kt","28,00",111000,3964,1958,"2/7","on","hyvä","oma","G2013"
"Martti","1h, kk, kph, al...","kt","31,00",140000,4516,1960,"1/7","on","tyyd.","oma","F2013"
"Vasaramäki","1h, k","kt","41,50",93000,2241,1961,"1/4","ei","hyvä","vuokra","F2007"
"Nättinummi","1h+kk+piha","kt","30,00",72000,2400,1980,"1/3","on","tyyd.","oma","D2013"
"Luolavuori","1h,k,kph","kt","32,00",88181,2756,1950,"1/3","ei","hyvä","vuokra","F2013"
"Raunistula","1h, avok, ransk...","kt","21,50",139800,6502,2022,"1/3","ei","hyvä","oma","C2013"
"Suikkila","1 H+K","kt","33,00",85000,2576,1974,"1/6","on","tyyd.","oma","F2013"
"Martti","1h+kk","kt","22,00",115000,5227,1950,"1/5","on","hyvä","oma","D2007"
"Nummi","1 h, avok, p","kt","29,00",157500,5431,2017,"1/6","on","hyvä","oma","C2013"
"Kaerla","1h, kk, p","kt","28,00",83000,2964,1980,"1/2","ei","tyyd.","oma","D2013"
"Nättinummi","1h+kk","kt","30,00",67000,2233,1980,"1/3","on","tyyd.","oma","D2013"
"Vasaramäki","1h,kk, ask.tila...","kt","64,00",180000,2813,1946,"1/4","ei","hyvä","vuokra","E2013"
"Pansio","1h, avok","kt","59,00",70000,1186,1967,"1/2","ei","hyvä","oma","E2007"
"Pohjola","1h,kk","kt","26,00",112000,4308,1956,"1/6","on","hyvä","oma","F2013"
"Pohjola","1h, kt, s, p","kt","36,50",147500,4041,2007,"1/4","on","hyvä","oma","F2013"
"Itäinen keskusta","1h, kk, kph","kt","28,00",136000,4857,1962,"1/7","on","hyvä","oma","F2013"
"Linnanfältti","1h, kt","kt","26,00",130000,5000,2020,"1/4","on","hyvä","vuokra","B"
"Martti","1h,k,kph,p","kt","32,00",120000,3750,1979,"1/5","on"," ","oma","D2018"
"Keskusta / linnanfältti","1 h,kt","kt","26,00",125890,4842,2020,"1/4","on"," ","vuokra","B2018"
"Satama","1h + tk","kt","34,00",162000,4765,2020," ","ei"," ","oma","A2018"
"Koivula","1h,kk,kph,vh,patio","kt","30,00",73000,2433,1985," ","on","hyvä","oma","F2013"
"Keskusta","2h,kk","kt","41,00",180500,4402,1955,"11/11","on","tyyd.","oma","G2013"
"Varissuo","2h+kk+kph+vh","kt","39,00",64000,1641,1987," ","on","tyyd.","oma","E2013"
"Keskusta","2h,k,kh,ranskal...","kt","54,00",187000,3463,1957,"9/9","on","hyvä","oma","D2007"
"Keskusta","2h,k","kt","54,00",183000,3389,1957,"8/9","on","hyvä","oma","D"
"Runosmäki","2h, kk","kt","55,00",76000,1382,1975,"8/8","on","tyyd.","oma","D2007"
"Keskusta","2h, k","kt","57,00",165000,2895,1957,"8/8","on","hyvä","oma","D"
"Keskusta","2h,k,kph,las p","kt","48,00",175010,3646,1959,"8/9","on","tyyd.","oma","F2013"
"Ilpoinen","2h+k","kt","52,50",110000,2095,1971,"8/8","on","hyvä","oma","E"
"Härkämäki","2h, k, kph, lp","kt","65,00",66000,1015,1982,"8/8","on","tyyd.","oma","E2013"
"Turku","2 h, k, kh, p","kt","45,00",185000,4111,1998,"7/7","on","hyvä","oma","C2007"
"Itäinen keskusta","2h,kk,kph,parveke","kt","35,00",175000,5000,1962,"7/7","on","hyvä","oma","G2013"
"Keskusta","2h, k, parv, kh","kt","51,00",185000,3627,1962,"7/8","on","hyvä","oma","F2013"
"Keskusta länsi","2h, kk, p","kt","47,00",149000,3170,1969,"7/7","on","tyyd.","oma","F2018"
"Turku","2h+kk","kt","40,00",134000,3350,1962,"7/8","on","tyyd.","oma","D2007"
"Härkämäki","2h, k, kph, vh, lp","kt","60,00",70000,1167,1982,"7/8","on"," ","oma","D2013"
"Keskusta","2h+kk","kt","37,00",145000,3919,1958,"7/8","on","hyvä","oma","D2007"
"Keskusta","2h+kk+kh+pv","kt","41,50",141000,3398,1962,"7/7","on","tyyd.","oma","F2013"
"Itäinen keskusta","2h,k,kph,parveke","kt","50,00",185000,3700,1962,"7/7","on","hyvä","oma","F2013"
"Martti","2h+k+s","kt","55,50",182100,3281,1948,"6/7","on","hyvä","oma","G2007"
"Kakolanmäki","2H,KT,S,P","kt","51,50",255600,4963,2022,"6/6","ei","hyvä","vuokra","B2018"
"Petrelius","2 h, avok, kph/...","kt","61,00",155000,2541,1973,"6/8","on","hyvä","oma","F2013"
"Patterinhaka","2h, kt, p","kt","41,00",195000,4756,2017,"6/8","on","hyvä","oma","C2013"
"Raunistula","2h+kt+p","kt","37,50",223900,5971,2019,"6/6","on","hyvä","oma","C2013"
"Iso-heikkilä","2h+kk","kt","44,00",115000,2614,1957,"6/7","on","tyyd.","oma","C2018"
"Martti","2h+k+s","kt","40,50",176000,4346,2009,"6/7","on","hyvä","oma","B2018"
"Satama","2 h,k,vh,parveke","kt","57,00",262000,4596,2020,"6/7","on"," ","oma","A2018"
"It. keskusta","2h, k","kt","61,50",175000,2846,1970,"6/7","on","tyyd.","oma","F"
"Itäinen keskusta","2h+k+kph+p","kt","53,00",143000,2698,1966,"6/6","on","tyyd.","oma","D2013"
"Herttuankulma","2h+kt","kt","35,50",159000,4479,2020,"6/7","on","hyvä"," ","B2018"
"Runosmäki","2 h, kk, ph/wc, p","kt","50,50",67000,1327,1975,"6/6","on","tyyd.","oma","B2007"
"Keskusta","2h+kk","kt","45,00",202249,4494,1958,"6/7","on","hyvä","oma","G2013"
"Itäinen keskusta","2h, k","kt","54,00",196000,3630,1963,"6/9","on","hyvä","oma","F"
"Itäinen keskusta","2h+kk","kt","45,00",167500,3722,1963,"6/9","on","hyvä","oma","D2007"
"Keskusta länsi","2h, kt, kh, p","kt","49,00",289000,5898,2016,"6/8","on","hyvä","oma","C2013"
"Iso-heikkilä","2h+K+KPH+VH+P","kt","51,00",118000,2314,1961,"6/7","on","tyyd.","oma","D2007"
"Nättinummi","2h, k, kph, vh","kt","59,00",100100,1697,1970,"6/7","on","tyyd.","oma","D2007"
"Pahaniemi","2h+k+kph+vh+las...","kt","60,00",67000,1117,1984,"6/8","on","tyyd.","oma","B2013"
"Kastu","2h,k, lasitettu...","kt","47,00",123200,2621,1965,"6/7","on","tyyd.","oma","F2013"
"Varissuo","2 h, k, kh, p","kt","62,00",62000,1000,1979,"6/6","on","tyyd.","oma","F2013"
"Hepokulta","2h, k","kt","58,50",80000,1368,1972,"6/8","on","hyvä","oma","F2013"
"Satama","2h,kt,s,lasit. p","kt","51,00",197983,3882,2020,"6/7","on"," ","vuokra","B2018"
"Martti","2h,k","kt","51,00",165000,3235,1957,"6/6","on","tyyd.","oma","E2007"
"Hepokulta","2h, kk, p","kt","46,50",58000,1247,1971,"6/8","on","tyyd.","oma","F"
"Itäinen keskusta","2h, k, s","kt","59,00",176000,2983,1980,"6/6","on","hyvä","oma","F2013"
"Runosmäki","2h, k, kph, lp","kt","58,00",70000,1207,1976,"6/9","on"," ","oma","C2007"
"Itäharju","2 h,k,s","kt","60,00",216000,3600,2000,"6/6","on","hyvä","oma","C2013"
"Majakkaranta","2h+keittiö...","kt","46,00",185000,4022,2001,"6/17","on","hyvä","oma","C2007"
"Varissuo","2h,k,kph,vh,las...","kt","59,00",60000,1017,1979,"6/6","on","hyvä","oma","F2013"
"Satama","2 h,kt","kt","40,00",187000,4675,2019,"6/7","on"," ","oma","B2013"
"Hepokulta","2h, k, kph, p","kt","58,50",63000,1077,1973,"6/7","on","tyyd.","oma","F2013"
"Kakolanmäki","2 h,kt,vh","kt","40,00",191900,4798,2020,"6/6","on"," ","vuokra","B2018"
"Uittamo","2h+k+kph+vh+las.p","kt","56,00",89000,1589,1974,"6/7","on","tyyd.","oma","D2013"
"Keskusta","2h+k+kh","kt","50,00",175000,3500,1961,"6/9","on","tyyd.","oma","F2013"
"Martti","2h, k, s, p","kt","52,00",164000,3154,1948,"6/7","on","tyyd.","oma","G2007"
"Keskusta","2h+k+kph/wc+par...","kt","58,00",208000,3586,1954,"6/6","on","hyvä","oma","C2007"
"Keskusta","2h,k,kph,s,wc,l...","kt","52,00",215000,4135,2002," ","on","hyvä","oma","F2013"
"Kaerla","2h+k","kt","55,00",140000,2545,1964," ","on","hyvä","oma","D2007"
"Varissuo","2h,kk,p","kt","45,00",58000,1289,1984,"5/6","on","tyyd.","oma","F"
"Satama","2 h,k,s,p","kt","54,00",258000,4778,2022,"5/6","on"," ","oma","A2018"
"Varissuo","2h,k,kph,las.p","kt","58,50",42000,718,1977,"5/7","on","huono","oma","D2013"
"Satama","2 h,k,s,p","kt","54,00",258000,4778,2022,"5/6","on"," ","oma","A2018"
"Kohmo","1h+tk+s","kt","43,00",118000,2744,1994,"5/7","on","tyyd.","oma","E2013"
"Satama","2 h,k,vh,parveke","kt","56,00",250000,4464,2020,"5/7","on"," ","oma","A2018"
"Satama","2 h,k,vh,parveke","kt","57,00",252500,4430,2020,"5/7","on"," ","oma","A2018"
"Varissuo","2h, k","kt","60,00",73500,1225,1977,"5/8","on","hyvä","oma","D2013"
"Satama","2 h,k,vh,parveke","kt","50,00",236500,4730,2020,"5/7","on"," ","oma","A2018"
"Itäinen keskusta","2h, avok, kh","kt","65,00",167000,2569,1928,"5/5","on","hyvä","oma","G2013"
"Martti","2h+k+s","kt","55,50",182000,3279,1948,"5/7","on","hyvä","oma","G2007"
"Keskusta","2h,k","kt","91,00",307000,3374,1929,"5/5","on","hyvä","oma","C2007"
"Satama","2 h,k,vh,s","kt","56,00",246737,4406,2019,"5/7","on"," ","oma","B2013"
"Uittamo","2h+kk+kph+vh+las.p","kt","47,00",84000,1787,1974,"5/7","on","tyyd.","oma","D2007"
"Satama","2 h,k,vh,parveke","kt","50,00",238000,4760,2020,"5/6","on"," ","oma","A2018"
"Telakanranta","2h, kk, s, parveke","kt","46,50",278000,5978,2015,"5/7","on","hyvä","oma","C2013"
"Runosmäki","2h, kt, kph, la...","kt","60,50",78000,1289,1977,"5/6","on","hyvä","oma","C2007"
"Runosmäki","2h, kk","kt","42,00",61500,1464,1978,"5/6","on","hyvä","oma","C2007"
"Satama","2 h,kt","kt","40,00",189600,4740,2019,"5/7","on"," ","oma","B2013"
"Keskusta","2h, k, s, p","kt","65,50",263000,4015,2006,"5/8","on","hyvä","oma","E2013"
"Satama","2 h,kt,vh,s","kt","50,00",225000,4500,2019,"5/6","on"," ","oma","B2013"
"Keskusta","2h+kk+kh+pv","kt","41,50",130000,3133,1965,"5/9","on","tyyd.","oma",
"Keskusta","2h+keittiö...","kt","54,00",150000,2778,1965,"5/7","on","tyyd.","oma","F2013"
"Satama","1 h,tk,parveke","kt","28,00",151500,5411,2020,"5/6","on"," ","oma","A2018"
"Kakolanmäki","2 h,kt,vh","kt","40,00",187900,4698,2020,"5/6","on"," ","vuokra","B2018"
"Satama","1 h,tk,parveke","kt","28,00",153000,5464,2020,"5/7","on"," ","oma","A2018"
"Hannunniittu","2h+k","kt","53,00",114000,2151,1971,"5/6","on","tyyd.","oma","F2013"
"Keskusta","2h+kk","kt","50,50",194000,3842,1959,"5/7","on","hyvä","oma","G2013"
"Martti","2h + k + vh + k...","kt","56,00",200500,3580,1957,"5/6","on","hyvä","oma","F2013"
"Satama","2 h,k,vh,parveke","kt","57,00",265000,4649,2020,"5/6","on"," ","oma","A2018"
"Itäinen keskusta","2h+k+kh","kt","70,00",260200,3717,1924,"5/5","on","hyvä","oma","F"
"Kakolanmäki","2H,KT,P","kt","38,00",192600,5068,2022,"4/6","ei","hyvä","vuokra","B2018"
"Martti","2h+k","kt","61,00",185000,3033,1950,"4/5","on","hyvä","oma","D2007"
"Martti","2h, k, las.p","kt","49,00",215000,4388,1963,"4/9","on","hyvä","oma","D"
"It. keskusta","2h, kk","kt","37,00",182000,4919,1963,"4/7","on","hyvä","oma","D"
"Satama","2 h,k,vh,parveke","kt","50,00",230000,4600,2020,"4/7","on"," ","oma","A2018"
"Kähäri","2h, kt, kh, s, ...","kt","38,50",173000,4494,2012,"4/5","on","hyvä","oma","C2018"
"Mäntymäki","2h+kt","kt","42,00",201838,4806,2015,"4/7","on","hyvä","oma","B2018"
"Kastu","2h+k+p","kt","53,00",145000,2736,1963,"4/7","on","hyvä","oma","G"
"Satama","2 h,k,s,p","kt","54,00",254000,4704,2022,"4/6","on"," ","oma","A2018"
"Uittamo","2h,k,las.p","kt","56,00",115000,2054,1974,"4/7","on","hyvä","oma","D2013"
"Keskusta","2h,k","kt","57,00",158000,2772,1969,"4/7","on","hyvä","oma","F2013"
"Ispoinen","2h+k+s","kt","57,00",190000,3333,2006,"4/8","on","hyvä","oma","C2013"
"Itäinen keskusta","2h+keittiö...","kt","47,00",170200,3621,1960,"4/7","on","tyyd.","oma","D2007"
"Kakola","2H+KT","kt","39,50",180463,4569,2020,"4/6","on","hyvä","vuokra","B2018"
"Vasaramäki","2h,k,p","kt","49,00",93100,1900,1961,"4/4","ei","tyyd.","vuokra","F2007"
"Keskusta","2h, k, kph, p.","kt","66,00",213000,3227,1955,"4/8","on","tyyd.","oma","F2013"
"Satama","2 h,k,vh,s","kt","56,00",243500,4348,2019,"4/6","on"," ","oma","B2013"
"Länsikeskus","2h, k, s, p","kt","56,00",173000,3089,2005,"4/6","on","hyvä","oma","C2018"
"Keskusta","2 h,kk","kt","54,00",180000,3333,1956,"4/8","on","hyvä","oma","D2007"
"Nättinummi","2h+k+parv","kt","60,50",104000,1719,1980,"4/4","on","hyvä","oma","D2007"
"Länsikeskus","2h,k,s,vh,p","kt","55,00",139000,2527,1988,"4/5","on","hyvä","oma","E2013"
"Vasaramäki","2h, k, kh, p","kt","47,00",89300,1900,1961,"4/4","ei","tyyd.","vuokra","F2007"
"Runosmäki","2h+k+kph/wc+las...","kt","56,00",78000,1393,1976,"4/7","on","hyvä","oma","F2007"
"Luolavuori","2h+keittiö...","kt","51,00",105000,2059,1960,"4/4","ei","hyvä","oma","D2007"
"Keskusta","2h, k, s, p (yh...","kt","60,50",249000,4116,1990,"4/6","on","hyvä","oma","E2013"
"Iso-heikkilä","2h, k, kh, p","kt","50,00",128000,2560,1961,"4/7","on","hyvä","oma",
"Vasaramäki","2h, k,p","kt","47,00",89300,1900,1961,"4/4","ei","tyyd.","vuokra","F2007"
"Iso-heikkilä","2 h,kk","kt","41,00",97500,2378,1955,"4/8","on","hyvä","oma","F2013"
"Keskusta","2h+k+kph+parveke","kt","48,00",219000,4563,1957,"4/8","on","hyvä","oma","F2013"
"Satama","2 h,k,vh,s","kt","56,00",238000,4250,2019,"4/7","on"," ","oma","B2013"
"Runosmäki","2h, kk","kt","55,00",85000,1545,1975,"4/8","on","hyvä","oma","D2007"
"Martti","2h, k, vh, kph,...","kt","57,00",195000,3421,1957,"4/6","on","tyyd.","oma","F2013"
"Keskusta itä","2h+k+kh+vh","kt","63,00",209000,3317,1938,"4/5","on","hyvä","oma","G2013"
"Keskusta","2h, k, vh","kt","57,80",225000,3893,1928,"4/5","on","hyvä","oma","G2013"
"Kastu","2h,k,kph,s,p","kt","62,00",160000,2581,1995,"4/4","on"," ","oma","E2018"
"Kakola","2H+KT","kt","36,50",175000,4795,2020,"4/6","on","hyvä","vuokra","B2018"
"Telakkaranta","2 h, kt, kph, s...","kt","50,00",310500,6210,2018,"4/7","on","hyvä","oma","C2013"
"Satama","2 h,kt","kt","40,00",187625,4691,2019,"4/7","on"," ","oma","B2013"
"Nättinummi","2h, k, kph, lp","kt","61,00",78000,1279,1977,"4/4","ei"," ","oma","D2013"
"Luolavuori","2h,k,kph,vh,las...","kt","52,00",75000,1442,1969,"4/5","on","tyyd.","oma","F2013"
"Keskusta","2h, k, kph, vh,...","kt","52,00",145500,2798,1961,"4/7","on","tyyd.","oma","E2013"
"Satama","2 h,k,vh,parveke","kt","57,00",258000,4526,2020,"4/6","on"," ","oma","A2018"
"Vasaramäki","2h,k,kph,las.parv","kt","50,00",133000,2660,1963,"4/4","ei","hyvä","oma","E2013"
"Luolavuori","2h,k,las.p (yj....","kt","59,00",92404,1566,1970,"4/5","on","tyyd.","oma","F2013"
"Nättinummi","2h, k , kph, 2x...","kt","61,00",110000,1803,1973,"4/8","on","hyvä","oma","F2013"
"Kakolanmäki","2h+kt","kt","37,00",167000,4514,2020,"4/6","ei","hyvä","vuokra","B2018"
"Runosmäki","2 h, k, lasitet...","kt","55,00",70000,1273,1977,"4/6","on","hyvä","oma","C2007"
"Hurttivuori","2h, k, parv.","kt","59,00",87000,1475,1970,"4/4","ei","hyvä","oma","G2013"
"Satama","2 h,kt,vh","kt","43,00",196000,4558,2019,"4/7","on"," ","oma","B2013"
"Vasaramäki","2h,k,p","kt","47,00",90000,1915,1961,"4/4","ei","tyyd.","vuokra","F2007"
"Vasaramäki","2h,k,p","kt","47,00",91000,1936,1961,"4/4","ei","tyyd.","vuokra","F2007"
"Keskusta","2h, k, kph, las...","kt","55,00",209000,3800,1970,"4/7","on","hyvä","oma","F2013"
"Runosmäki","2h, k, kh, p","kt","61,00",91000,1492,1975,"4/6","on","hyvä","oma","C2007"
"Kakolanmäki","2H,KT,S,P","kt","47,50",214700,4520,2022,"3/6","on","hyvä","vuokra","B2018"
"Runosmäki","2h, kk","kt","50,50",73000,1446,1973,"3/3","ei","hyvä","oma","D2007"
"Telakkaranta","2h+k+s","kt","54,50",320000,5872,2013,"3/8","on","hyvä","oma","C2018"
"Itäinen keskusta","2h+kk+kph/wc+pa...","kt","43,00",180500,4198,1962,"3/9","on","hyvä","oma","G2013"
"Keskusta","2h, k, kh, parv.","kt","44,00",175000,3977,1961,"3/8","on","hyvä","oma","F"
"Satama","2 h,k,s,p","kt","54,00",250000,4630,2022,"3/6","on"," ","oma","A2018"
"Satama","2 h,k,vh,s","kt","51,00",220800,4329,2019,"3/6","on"," ","oma","B2013"
"Länsikeskus","2h+k+s+p","kt","61,00",183000,3000,2005,"3/6","on","hyvä","oma","C2018"
"Patterinhaka","2h, kt, p","kt","46,00",198000,4304,2017,"3/8","on","hyvä","oma","C2013"
"Vasaramäki","2h+k","kt","50,00",129000,2580,1963,"3/4","ei","tyyd.","oma","F2013"
"Ispoinen","2h,k,kph","kt","59,00",158000,2678,1970,"3/5","on","hyvä","oma","F2013"
"Hepokulta","2 h, k, kh, p","kt","54,50",80000,1468,1970,"3/4","on","hyvä","oma","F2013"
"Vienola","2h, k, parveke","kt","58,50",79000,1350,1967,"3/3","ei","hyvä","oma","F"
"Uittamo","2h+k+kph/wc+vh+...","kt","56,00",88000,1571,1967,"3/7","on","tyyd.","oma","E2013"
"Kastu","2h,k,kph","kt","56,00",139000,2482,1965,"3/3","ei","hyvä","oma","F2007"
"Iso-heikkilä","2h + k + kph/wc...","kt","58,00",155000,2672,1954,"3/7","on","hyvä","oma","F2013"
"Ilpoinen","2h,k","kt","47,50",89000,1874,1971,"3/3","ei","hyvä","oma","F2013"
"Majakkaranta","2h, k, s, p","kt","57,50",195700,3403,1993,"3/4","on","hyvä","oma","F"
"Vasaramäki","2h,k,p","kt","47,00",89300,1900,1961,"3/4","ei","tyyd.","vuokra","F2007"
"Keskusta","2h, k, parv.","kt","52,00",186000,3577,1961,"3/7","on","hyvä","oma","E2013"
"Satama","2 h,k,vh,s","kt","56,00",241425,4311,2019,"3/7","on"," ","oma","B2013"
"Vasaramäki","2h,k,p","kt","47,00",89300,1900,1961,"3/4","ei","tyyd.","vuokra","F2007"
"Harittu","2h, k","kt","57,00",122000,2140,1989,"3/5","on","hyvä","oma","C"
"Itäinen keskusta","2h+k","kt","53,00",134000,2528,1969,"3/6","on","tyyd.","oma","D2007"
"Itäharju","2h+k+kph/wc+las...","kt","43,00",129500,3012,1966,"3/4","ei","tyyd.","oma","F2013"
"Nummi","2h, k","kt","63,00",139000,2206,1956,"3/4","ei","tyyd.","oma","F2013"
"Itäinen keskusta","2 h, k, kh, p","kt","59,50",162500,2731,1974,"3/6","on","tyyd.","oma",
"Varissuo","2h,k,kph,lasit ...","kt","59,00",57000,966,1982,"3/3","ei","tyyd.","oma","E2013"
"Perno","2h+keittokomero...","kt","45,00",58000,1289,1964,"3/3","ei","hyvä","vuokra","G2013"
"Vasaramäki","2h, k,p","kt","47,00",89300,1900,1961,"3/4","ei","tyyd.","vuokra","F2007"
"Martti","2h, kk","kt","44,50",154000,3461,1975,"3/6","on","tyyd.","oma","D"
"Itäinen keskusta","2h, k","kt","55,00",177000,3218,1968,"3/8","on","tyyd.","oma","F"
"Satama","2 h,k,vh,s","kt","51,00",216824,4251,2019,"3/7","on"," ","oma","B2013"
"Kakolanmäki","2h+kt","kt","41,00",200000,4878,2018,"3/3","on","hyvä","vuokra","C2013"
"Kupittaa","2h, työtil...","kt","76,00",406699,5351,2016,"3/8","on","hyvä","oma","C2013"
"Mäntymäki","2h, kt, kph, la...","kt","44,00",189200,4300,2014,"3/6","on","hyvä","oma","C2018"
"Mäntymäki","2h, k, lasitett...","kt","46,00",194000,4217,2015,"3/6","on","hyvä","oma","C2018"
"Teräsrautela","2h, k, kh/wc, s, p","kt","61,50",135000,2195,1985,"3/3","ei","hyvä","oma","D2013"
"Hepokulta","2h+k","kt","54,50",74000,1358,1971,"3/4","on","hyvä","oma",
"Vasaramäki","2h,k,p","kt","49,00",90700,1851,1961,"3/4","ei","tyyd.","vuokra","F2007"
"Satama","2 h,kt","kt","40,00",181000,4525,2019,"3/7","on"," ","oma","B2013"
"Petrelius","2h+k+parv","kt","59,00",135550,2297,1972,"3/8","on","tyyd.","oma","F2013"
"Satama","2 h,k,vh,s","kt","56,00",237000,4232,2019,"3/6","on"," ","oma","B2013"
"Teräsrautela","2h, k, kph, las...","kt","55,50",113000,2036,1985,"3/3","ei","hyvä","oma","E2007"
"Satama","2 h,kt,vh,s","kt","50,00",220000,4400,2019,"3/6","on"," ","oma","B2013"
"Kiikku","2h, k, kph, lp","kt","56,00",70000,1250,1975,"3/6","on","tyyd.","oma","E2013"
"Satama","2 h,k,vh,parveke","kt","57,00",259000,4544,2020,"3/6","on"," ","oma","A2018"
"Raunistula","2h+kt+s","kt","43,00",196000,4558,2015,"3/5","on","hyvä","oma","C2007"
"Vasaramäki","2h, k, kh, p","kt","47,00",89300,1900,1961,"3/4","ei","tyyd.","vuokra","F2007"
"Vasaramäki","2h,k,p","kt","47,00",89500,1904,1961,"3/4","ei","tyyd.","vuokra","F2007"
"Satama","2 h,k,vh,parveke","kt","50,00",228000,4560,2020,"3/6","on"," ","oma","A2018"
"Runosmäki","2h+k","kt","63,00",85000,1349,1972,"3/3","ei"," ","oma","E2007"
"Keskusta / linnanfältti","2 h,kt","kt","40,00",204300,5108,2019,"3/5","on"," ","oma","B2018"
"Luolavuori","2h,k,kph,vh, la...","kt","51,00",169000,3314,1958,"3/7","on","hyvä","oma","F2013"
"Martti","2h+avokeitti...","kt","46,00",204050,4436,2005,"3/6","on","hyvä","oma","D2018"
"Raunistula","2h+k+parv","kt","53,50",83373,1558,1965,"3/3","ei","huono","oma","D2007"
"Raunistula","2h+kt+p","kt","37,50",195900,5224,2019,"3/6","on","hyvä","oma","C2013"
"Kastu","2h, k, p","kt","55,50",111000,2000,1966,"3/3","ei","hyvä","oma","D2007"
"Runosmäki","2 h, kk, kph, p","kt","50,50",68000,1347,1974,"3/3","ei","hyvä","oma","D2013"
"Satama","2 h,k,vh,parveke","kt","50,00",225000,4500,2020,"3/7","on"," ","oma","A2018"
"Majakkaranta","2h+k+s","kt","64,50",209500,3248,1993,"3/8","on","hyvä","oma","F2013"
"Varissuo","2h, k, s","kt","65,00",61500,946,1980,"3/3","ei","tyyd.","oma","F2013"
"Kaerla","2h,k,kph,las.p","kt","55,00",95000,1727,1964,"3/4","ei","hyvä","oma","D2007"
"Raunistula","2 h+k+kph+p","kt","55,00",123000,2236,1964,"3/4","ei","hyvä","oma","G2013"
"Satama","2 h,k,vh,parveke","kt","57,00",250000,4386,2020,"3/7","on"," ","oma","A2018"
"Vasaramäki","2h,k,p","kt","47,00",89300,1900,1961,"2/4","ei","tyyd.","vuokra","F2007"
"Suikkila","2h+kk+s","kt","56,00",127000,2268,1984," ","on"," ","oma","D2013"
"Martti","2h+k+kh","kt","57,00",195080,3422,1957,"2/6","on","tyyd.","oma","F2013"
"Uittamo","2h, kk, p","kt","47,00",125000,2660,1972,"2/3","ei","hyvä","oma","C"
"Ilpoinen","2h, kk, kh","kt","47,50",102000,2147,1968,"2/3","ei","hyvä","oma","E2007"
"Jäkärlä","2h+k+kph/wc+vh+...","kt","60,00",52000,867,1981," ","ei","tyyd.","oma","F2013"
"Pääskyvuori","2h+k+parv.","kt","59,00",110000,1864,1969,"2/5","on","hyvä","oma","G2013"
"Patterinhaka","2h,k,kph,p","kt","62,00",144001,2323,1956,"2/7","on","hyvä","oma","F2013"
"Keskusta länsi","2, k, kh, s, la...","kt","49,00",198000,4041,1963,"2/7","ei","hyvä","oma","D2018"
"Satama","2 h,k,vh,s","kt","56,00",234500,4188,2019,"2/6","on"," ","oma","B2013"
"Keskusta","2h+k","kt","45,00",190122,4225,1958,"2/7","on","tyyd.","oma","G2013"
"Kähäri","2h,tupakeitti&#...","kt","48,00",175000,3646,2013,"2/4","on","hyvä","oma","D2007"
"Hannuniittu","2h,k,kph,wc","kt","61,00",124800,2046,1974,"2/7","on","tyyd.","oma","E2013"
"Laukkavuori","2h+k+parv","kt","60,50",119100,1969,1971,"2/7","on","tyyd.","oma","F2013"
"Teräsrautela","2h+k+s","kt","61,00",150100,2461,1989,"2/3","ei","hyvä","oma","F2013"
"Satama","2 h,k,vh,terassi","kt","57,00",252000,4421,2020,"2/6","on"," ","oma","A2018"
"Suikkila","2h,k,s","kt","59,00",150000,2542,1984,"2/5","on","hyvä","oma","D2013"
"Satama","2 h,k,vh,s","kt","51,00",216000,4235,2019,"2/6","on"," ","oma","B2013"
"Ilpoinen","2h.kk,kph","kt","47,50",90000,1895,1972,"2/3","ei","hyvä","oma","C2018"
"Pansio","2h+k+kph+vh","kt","57,00",77500,1360,1974,"2/7","on","hyvä","oma","D2013"
"Vasaramäki","2h, k, kh, p","kt","47,00",102000,2170,1961,"2/4","ei","hyvä","vuokra","F2007"
"Herttuankulma","2h, kt","kt","37,00",161000,4351,2020,"2/7","on","hyvä"," ","B2018"
"Kakola","2H+KT","kt","39,50",173474,4392,2020,"2/6","on","hyvä","vuokra","B2018"
"Satama","2 h,k,vh,parvek...","kt","50,00",220000,4400,2020,"2/7","on"," ","oma","A2018"
"Vienola","2h, k","kt","55,00",71000,1291,1966,"2/3","ei","tyyd.","oma","F"
"Perno","2h+k","kt","59,00",65000,1102,1968,"2/2","ei","huono","oma","E2013"
"Vasaramäki","2h,k,p","kt","47,00",89999,1915,1961,"2/4","ei","tyyd.","vuokra","F2007"
"Satama","2 h,k,vh,s","kt","51,00",216275,4241,2019,"2/7","on"," ","oma","B2013"
"Itäinen keskusta","2 h,k","kt","76,00",228000,3000,1962,"2/7","on","tyyd.","oma","D2007"
"Satama","2 h,kt,vh,s","kt","50,00",213000,4260,2019,"2/7","on"," ","oma","B2013"
"Keskusta","2h, k, kph, vh","kt","51,00",194000,3804,1951,"2/6","on","hyvä","oma","F2013"
"Keskusta","2h,k","kt","56,00",208000,3714,1967,"2/7","on","hyvä","oma","D2007"
"Lauste","2h,k,kph,vh,parv","kt","58,00",60500,1043,1970,"2/6","on","hyvä","vuokra","F2013"
"Satama","2 h,k,vh,s","kt","56,00",231000,4125,2019,"2/7","on"," ","oma","B2013"
"Varissuo","2h, k, p","kt","57,50",48700,847,1977,"2/3","ei","tyyd.","oma","F2013"
"Satama","2 h,kt,vh,s","kt","50,00",210000,4200,2019,"2/6","on"," ","oma","B2013"
"Runosmäki","2 h+k","kt","61,00",75000,1230,1978,"2/6","on"," ","oma","C2007"
"Teräsrautela","2 h, k, s, p","kt","61,50",118000,1919,1985,"2/3","ei","hyvä","oma","D2007"
"Harittu","3 h+k+s","kt","78,00",128000,1641,1989,"2/3","ei"," ","oma","C2007"
"Keskusta / linnanfältti","2 h,kt","kt","37,00",182500,4932,2020,"2/3","on","hyvä","vuokra","B2018"
"Majakkaranta","2h, k, s, 2 x l...","kt","94,00",440000,4681,2011,"2/8","on","hyvä","oma","B"
"Runosmäki","2h,k, kph,sauna","kt","63,00",82000,1302,1977,"2/3","ei","hyvä","oma","C2007"
"Keskusta / linnanfältti","2 h,kt,s","kt","53,00",262000,4943,2019,"2/5","on"," ","oma","B2018"
"Keskusta","2h+k","kt","59,00",164100,2781,1976,"2/6","on","tyyd.","oma","B2007"
"Jäkärlä","2h,k,kph,lasit....","kt","60,00",57000,950,1981,"2/3","ei","tyyd.","oma","F2013"
"Suikkila","2h+K","kt","60,00",127500,2125,1974,"2/6","on","hyvä","oma","F2013"
"Suikkila","2h, k","kt","53,00",118700,2240,1969,"2/8","on","tyyd.","oma","F2013"
"Kastu","2 h, k, lasp","kt","54,50",131000,2404,1970,"2/3","ei","tyyd.","oma","F2013"
"Raunistula","2h+k+parv.","kt","53,50",99000,1850,1965,"2/4","ei","tyyd.","oma","D2007"
"Lauste","2h+k","kt","60,50",100168,1656,1975,"2/8","on","hyvä","vuokra","C2007"
"Runosmäki","2h,k,kph,p","kt","61,00",70000,1148,1977,"2/6","on","tyyd.","oma","C2018"
"Runosmäki","2h,k,kph,p","kt","61,00",72110,1182,1978,"2/6","on","tyyd.","oma","C2018"
"Kakolanmäki","2 h+kt","kt","39,50",185000,4684,2018,"2/4","ei","hyvä","vuokra","C2018"
"Varissuo","2h+k+vh+kh+wc+l...","kt","62,00",66000,1065,1978,"2/3","ei","hyvä","oma","E2013"
"Ispoinen","2h+k","kt","59,00",103500,1754,1969,"2/5","on","hyvä","oma","F2013"
"Itäharju","2h+k+p","kt","55,00",125500,2282,1966,"2/5","on"," ","oma","F2013"
"Westpark","2h+kt+s","kt","47,50",161000,3389,2012,"2/5","on","hyvä","oma","A2007"
"Itäharju","2h+kt+s","kt","47,50",168000,3537,2013,"2/4","on","hyvä","oma","C2018"
"Runosmäki","2h,k,kph,vh,las...","kt","58,00",66500,1147,1975,"2/3","ei","hyvä","vuokra","D2007"
"Ilpoinen","2h, k, p","kt","60,50",73000,1207,1973,"2/8","on","tyyd.","oma","F"
"Teräsrautela","2-3h,k,s","kt","72,00",114000,1583,1965,"2/2","ei","tyyd.","oma","E2013"
"Keskusta / linnanfältti","2 h,kt,s","kt","49,00",238000,4857,2019,"2/5","on"," ","oma","B2018"
"Nättinummi","2h,k,kph,vh","kt","59,00",111000,1881,1973,"2/8","on","hyvä","oma","F2013"
"Halinen","2h, k, kph, sau...","kt","53,00",120000,2264,1991,"2/3","ei","hyvä","oma","F2013"
"Itäinen keskusta","2 h, kk, ph, vh","kt","43,50",162000,3724,1957,"2/6","on","hyvä","oma","E2013"
"Varissuo","2h, k","kt","60,00",72500,1208,1978,"2/3","ei","tyyd.","oma","F2013"
"Keskusta itä","2h,kk,kh","kt","43,50",160000,3678,1961,"2/7","on","hyvä","oma","G2007"
"Keskusta / linnanfältti","2 h,kt,vh,p","kt","46,00",192123,4177,2020,"2/3","on"," ","vuokra","B2018"
"Satama","2 h,k,vh,terassi","kt","57,00",246000,4316,2020,"2/7","on"," ","oma","A2018"
"Runosmäki","2h+k+kph","kt","56,00",65000,1161,1975,"2/5","on","tyyd.","oma","E2007"
"Vasaramäki","2h, k, kh, p","kt","56,00",155200,2771,1956,"2/4","ei","hyvä","vuokra",
"Satama","2 h,k,vh,terassi","kt","57,00",250000,4386,2020,"2/6","on"," ","oma","A2018"
"Keskusta","2h+kk+kph/wc+pa...","kt","49,00",188500,3847,1955,"2/9","on","hyvä","oma","G2013"
"Pohjola","2h, k, p","kt","57,00",166000,2912,1957,"2/7","on","hyvä","oma","F2013"
"Ilpoinen","2h, kk, kh","kt","47,50",103000,2168,1972,"1/3","ei","hyvä","oma","D2018"
"Majakkaranta","2h,k,s,parveke","kt","53,00",168000,3170,1999,"1/6","on"," ","oma","D2018"
"Nummi","2 h+kk","kt","41,00",100000,2439,1960,"1/4","ei","hyvä","oma","D2007"
"Kakolanmäki","2H,KT,S,P","kt","47,50",195800,4122,2022,"1/6","on","hyvä","vuokra","B2018"
"Kupittaa","2h, k, p","kt","52,00",113500,2183,1963,"1/7","on","tyyd.","oma","D2007"
"Koivula","2h+k+kph/s+patio","kt","52,00",114000,2192,1984," ","ei","tyyd.","oma","D2007"
"Vasaramäki","2h,k, kh","kt","52,00",98800,1900,1961,"1/4","ei","tyyd.","vuokra","F2007"
"Satama","2 h,kt,vh,s","kt","50,00",211500,4230,2019,"1/7","on"," ","oma","B2013"
"Vasaramäki","2h, k, p","kt","52,50",222000,4229,2020,"1/6","on","hyvä","oma","B2018"
"Keskusta itä/ martti","2h,k,kph,vh,las...","kt","55,50",197000,3550,1975,"1/6","on","hyvä","oma","D2007"
"Satama","2 h,k,vh,s","kt","51,00",213000,4176,2019,"1/7","on"," ","oma","B2013"
"Harittu","2h, k, s","kt","63,00",119000,1889,1989,"1/3","ei","hyvä","oma","D2007"
"Luolavuori","2h+k","kt","51,00",88500,1735,1960,"1/4","ei","tyyd.","oma","D2007"
"Satama","2 h,k,vh,s","kt","56,00",233875,4176,2019,"1/6","on"," ","oma","B2013"
"Vasaramäki","2h, k, kh, p","kt","46,00",122000,2652,1961,"1/1","ei","hyvä","vuokra","F2007"
"Pohjola","2h+kk+p+vh","kt","44,00",137000,3114,1957,"1/7","on","tyyd.","oma","F2013"
"Satama","2 h,k,vh,s","kt","56,00",235875,4212,2019,"1/7","on"," ","oma","B2013"
"Varissuo","2h+k","kt","60,00",69100,1152,1980,"1/3","on","hyvä","oma","F2013"
"Vienola","2h,k,vh,kph,las...","kt","59,00",62500,1059,1968,"1/3","ei","tyyd.","oma","F2013"
"Hannunniittu","2h+k","kt","61,00",115000,1885,1972,"1/6","on","tyyd.","oma","E2013"
"Ilpoinen","2h, k, p","kt","55,00",106000,1927,1968,"1/3","ei","hyvä","oma","E"
"Lauste","2h, k, kph","kt","59,00",54000,915,1973,"1/3","on","tyyd.","vuokra","F2013"
"Iso-heikkilä","2h,k,vh,kph,p","kt","56,00",135000,2411,1960,"1/7","on"," ","oma","E2007"
"Ilpoinen","2 h+k+kph+p","kt","55,00",112500,2045,1972,"1/3","on","hyvä","oma","C2018"
"Pohjola","2h,kk,vh,kph,p","kt","37,00",146668,3964,1956,"1/6","on","hyvä","oma","F2013"
"Runosmäki","2h,k,s,p","kt","63,00",63000,1000,1975,"1/3","ei","tyyd.","oma","C2007"
"Satama","2 h,k,vh,s","kt","51,00",215635,4228,2019,"1/6","on"," ","oma","B2013"
"Keskusta / linnanfältti","2 h,kt,vh,p","kt","46,00",186000,4043,2020,"1/3","on"," ","vuokra","B2018"
"Runosmäki","2 h, kk, ph/wc, p","kt","50,50",60000,1188,1974,"1/3","ei","tyyd.","oma","C2007"
"Nättinummi","2h, k","kt","59,00",137000,2322,1973,"1/7","on","hyvä","oma","D2013"
"Keskusta / linnanfältti","2 h,kt,vh","kt","45,00",179000,3978,2020,"1/3","on"," ","vuokra","B2018"
"Harittu","2h, k, s","kt","63,00",116000,1841,1987,"1/3","ei","hyvä","oma","D2007"
"Uittamo","2h,kk,kph,vh,las.p","kt","45,00",99300,2207,1970,"1/4","ei","hyvä","oma","E2013"
"Majakkaranta","2h, kk, s","kt","48,50",163000,3361,1996,"1/5","on","hyvä","oma","F2013"
"Hepokulta","2h+k","kt","59,00",69500,1178,1970,"1/4","on","tyyd.","oma","F2013"
"Lauste","2h, k, p","kt","57,00",48500,851,1973,"1/4","ei","hyvä","vuokra","D"
"Kakolanmäki","2h,kt,s","kt","52,00",160000,3077,2015,"1/4","on","hyvä","vuokra","B2013"
"Puistomäki","2h,k,kph,s,patio","kt","50,00",166000,3320,1997,"1/2","ei","hyvä","oma","D2007"
"Pohjola","2h,kk,kph,vh,la...","kt","55,00",169000,3073,1956,"1/6","on","hyvä","oma","F2013"
"Ispoinen","2h, k, las.p","kt","59,00",93000,1576,1969,"1/4","on","hyvä","oma","F2013"
"Koivula","2h,k,kph,vh+las...","kt","64,00",105000,1641,1985,"1/3","ei","hyvä","oma","C2007"
"Vasaramäki","2h, k, kh, p","kt","50,00",89000,1780,1961,"1/1","ei","tyyd.","vuokra","F2007"
"Kakolanmäki","2h, kt","kt","43,00",155000,3605,2019,"1/3","on","hyvä"," ","C"
"Satama","2 h,kt,vh","kt","43,00",184500,4291,2019,"1/7","on"," ","oma","B2013"
"Katariina","2h+k+p","kt","69,50",152000,2187,1988,"1/3","on","hyvä","vuokra","E2013"
"Keskusta / linnanfältti","2 h,kt","kt","37,00",158490,4284,2020,"1/3","on"," ","vuokra","B2018"
"Keskusta / linnanfältti","2 h,kt,s","kt","49,00",227308,4639,2019,"1/5","on"," ","oma","B2018"
"Ilpoinen","2 h + k","kt","55,00",80000,1455,1970,"1/3","ei"," ","oma","F2013"
"Port arthur","2h,k,las.p","kt","51,00",183000,3588,1963,"1/8","on","hyvä","oma","E2013"
"Keskusta","2h+k+kph/wc+par...","kt","57,00",167000,2930,1954," ","on","huono","oma","C2007"
"Kakola","2h,avok., kph, ...","kt","41,00",176500,4305,2017," ","on","hyvä","vuokra","C2018"
"Runosmäki","3 h, k, ph, vh, p","kt","74,00",82000,1108,1974,"9/9","on","tyyd.","oma","F2007"
"Keskusta länsi","3h, kk, kh, par...","kt","60,50",215000,3554,1963,"8/8","on","tyyd.","oma","F2013"
"Nättinummi","3 H, K, P","kt","76,50",125000,1634,1977,"8/9","on","hyvä","oma","B2007"
"Itäinen turku","2mh, oh, kk, kp...","kt","50,00",174000,3480,1964,"8/8","on","tyyd.","oma","F2013"
"Lauste","3h, k, kph, wc ...","kt","75,50",95000,1258,1976,"8/8","on","hyvä","oma","F2013"
"Kupittaa","3h,k,s,2xkph,2x...","kt","89,00",505000,5674,2012,"8/8","on","hyvä","oma","D2018"
"Luolavuori","3h,k,kph,vh","kt","76,00",140000,1842,1967,"8/8","on","tyyd.","oma","D2007"
"Pahaniemi","3H+K","kt","76,50",100000,1307,1980,"8/8","on","hyvä","oma","B2007"
"Keskusta","3h, k, p","kt","63,00",198000,3143,1961,"8/8","on","tyyd.","oma","E2013"
"Laukkavuori","3h, kt, kph, s, p","kt","75,00",144250,1923,1972,"7/7","on","hyvä","oma","C2018"
"Nättinummi","3h+k+parv","kt","75,00",133600,1781,1972,"7/7","on","tyyd.","oma","D2007"
"Varissuo","3 h, k, ph, vh","kt","75,50",57000,755,1977,"7/7","on","huono","oma","F2013"
"Iso-heikkilä","3h, k","kt","66,00",150000,2273,1962,"7/7","on","hyvä","oma","F"
"Laukkavuori","3h+k+kph+erill....","kt","75,00",137000,1827,1972,"7/7","on","tyyd.","oma","C2018"
"Keskusta","3h,k","kt","62,00",198000,3194,1964,"7/8","on","hyvä","oma","F2013"
"Hannunniittu","3h, k, kph, p","kt","69,50",160000,2302,1967,"7/7","on","hyvä","oma","G2013"
"Satama","3h,kt,s,lasit. p","kt","57,00",236750,4154,2020,"7/7","on"," ","vuokra","B2018"
"Kurala","3 h, k, vh, p","kt","69,50",142000,2043,1967,"7/7","on","hyvä","oma","D2007"
"Hepokulta","3h+k+vh+kph+wc+p","kt","79,00",78000,987,1973,"7/8","ei","tyyd.","oma","F2013"
"Runosmäki","3 h, k, ph, wc,...","kt","75,00",105000,1400,1973,"7/8","on","hyvä","oma","C2007"
"Patterinhaka","3h+kk+kph+parveke","kt","56,00",119000,2125,1957,"7/7","on","tyyd.","oma","F2013"
"Satama","3 h,k,s,khh,eri...","kt","104,00",493000,4740,2020,"7/7","on"," ","oma","A2018"
"Luolavuori","3h, k, p","kt","76,00",132000,1737,1967,"6/8","on","tyyd.","oma","D2013"
"Satama","3 h,k,s,vaateh,...","kt","91,00",468000,5143,2022,"6/6","on"," ","oma","A2018"
"Satama","3 h,k,s,khh,eri...","kt","89,00",414000,4652,2020,"6/7","on"," ","oma","A2018"
"Keskusta","3 h + k + rh + ...","kt","119,00",290000,2437,1961,"6/8","on","tyyd.","oma","E2013"
"Satama","3 h,k,s,parveke","kt","73,00",348000,4767,2020,"6/7","on"," ","oma","A2018"
"Satama","3h,kt,s. erill....","kt","72,00",269000,3736,2020,"6/7","on"," ","vuokra","B2018"
"Uittamo","3h, k, p","kt","66,00",136000,2061,1965,"6/7","on","hyvä","oma","E"
"Runosmäki","3 h, k, kph, wc...","kt","79,00",99000,1253,1972,"6/7","on","hyvä","oma","D2007"
"Patterinhaka","3h, kt, s, p","kt","51,00",217000,4255,2017,"5/8","on","hyvä","oma","C2013"
"Keskusta","3h, k","kt","86,00",315000,3663,1919,"5/7","on","hyvä","oma","D2007"
"Ilpoinen","3h,k,kph,lasite...","kt","73,00",117000,1603,1972,"5/7","on","hyvä","oma","C2018"
"Satama","3 h,k,s,vaateh,...","kt","74,00",335000,4527,2022,"5/6","on"," ","oma","A2018"
"Nummi","3h, k, kh","kt","61,00",167000,2738,1958,"5/10","on","hyvä","oma","D"
"Satama","3 h,k,s,p","kt","65,00",290000,4462,2022,"5/6","on"," ","oma","A2018"
"Satama","3 h,k,s,vaateh,...","kt","74,00",335000,4527,2022,"5/6","on"," ","oma","A2018"
"Luolavuori","3h,k,kph,vh,lp","kt","76,00",177500,2336,1967,"5/8","on","hyvä","oma","D2007"
"Satama","3 h,k,s,p","kt","65,00",290000,4462,2022,"5/6","on"," ","oma","A2018"
"Satama","3 h,k,vh,s","kt","61,00",267000,4377,2019,"5/6","on"," ","oma","B2013"
"Satama","3 h,k,s,parveke","kt","73,00",337000,4616,2020,"5/7","on"," ","oma","A2018"
"Port arthur","3h,k,kph,p","kt","67,00",237000,3537,1955,"5/5","on","hyvä","oma","G2013"
"Westpark","3 h + kt + s","kt","77,00",287000,3727,2015,"5/5","on","hyvä","oma","C2013"
"Keskusta","3h,kk,kph,parveke","kt","58,00",165000,2845,1962,"5/8","on","hyvä","oma","D2013"
"Laukkavuori","3h, avokeitti&#...","kt","75,00",139000,1853,1971,"5/7","on","hyvä","oma","F"
"Satama","3 h,k,s,erill. ...","kt","81,00",376000,4642,2020,"5/6","on"," ","oma","A2018"
"Satama","3 h,k,s,erill. ...","kt","81,00",376000,4642,2020,"5/6","on"," ","oma","A2018"
"Keskusta","3h, k, p","kt","78,00",259000,3321,1963,"5/8","on","hyvä","oma","F2013"
"Satama","3 h,k,s","kt","55,00",255000,4636,2019,"5/7","on"," ","oma","B2013"
"Ispoinen","3h,k,kph,wc,p","kt","75,00",110000,1467,1967,"5/5","on","tyyd.","oma","F2013"
"Port arthur","3h,k,kph,p","kt","66,00",200000,3030,1955,"5/5","on","hyvä","oma","G2013"
"Nättinummi","3h, k, kph, eri...","kt","75,00",109500,1460,1973,"5/7","on","tyyd.","oma","D2007"
"Luolavuori","3h,k,p","kt","76,00",129500,1704,1967,"5/8","on","tyyd.","oma","D2013"
"Ilpoinen","3 h,k","kt","67,00",140000,2090,1971,"5/8","ei","hyvä","oma","D2018"
"Ilpoinen","3h, k, kh, wc, p","kt","67,00",112000,1672,1971,"5/8","on","hyvä","oma","E2013"
"Itäinen keskusta","3 h, k, s","kt","83,50",294000,3521,1999,"5/8","on","hyvä","oma","F2013"
"Keskusta","3 h, k, kph, s, p.","kt","80,50",230000,2857,1936,"5/6","on","hyvä","oma","C2007"
"Luolavuori","3h, k, p","kt","63,00",147000,2333,1961,"5/8","on","hyvä","oma","G2007"
"Satama","3 h,k,s","kt","55,00",250000,4545,2019,"4/7","on"," ","oma","B2013"
"Satama","3 h,k,s,p","kt","65,00",285000,4385,2022,"4/6","on"," ","oma","A2018"
"Satama","3 h,k,s,vaateh,...","kt","74,00",329000,4446,2022,"4/6","on"," ","oma","A2018"
"Lauste","3h,k,kph,erill....","kt","75,50",90000,1192,1976,"4/7","on","hyvä","oma","F2013"
"Vasaramäki","3h, k,p","kt","72,00",130000,1806,1961,"4/4","ei","tyyd.","vuokra","F2007"
"Suikkila","3h+k","kt","80,00",130000,1625,1971,"4/5","on","tyyd.","oma","F2013"
"Satama","3 h,k,s,p","kt","65,00",285000,4385,2022,"4/6","on"," ","oma","A2018"
"Satama","3 h,k,s,parveke","kt","73,00",335000,4589,2020,"4/7","on"," ","oma","A2018"
"Satama","3 h,k,s,vaateh,...","kt","74,00",329000,4446,2022,"4/6","on"," ","oma","A2018"
"Keskusta","3h,k,s","kt","169,00",737000,4361,1927,"4/7","on","hyvä","oma",
"Keskusta","3h+k+s","kt","80,50",219000,2720,1936,"4/6","on","tyyd.","oma","C2007"
"Keskusta","3 h,kt,s","kt","75,50",359000,4755,2015,"4/6","on","hyvä","oma",
"Härkämäki","3h+k+2vh+kph+p","kt","80,00",87000,1088,1980,"4/9","on"," ","oma","C2013"
"Satama","3 h,k,s,khh,eri...","kt","89,00",386000,4337,2020,"4/7","on"," ","oma","A2018"
"Raunistula","3h, k, s","kt","79,00",235000,2975,2005,"4/4","on","hyvä","oma","E"
"Keskusta","3h+keittiö...","kt","104,50",330000,3158,1982,"4/8","on","tyyd.","oma","E2013"
"Keskusta / linnanfältti","2-3 h,kt,s,eril...","kt","75,00",334900,4465,2019,"4/5","on"," ","oma","B2018"
"Hannunniittu","3h, k, p","kt","66,00",148500,2250,1968,"4/7","on","tyyd.","oma","D2013"
"Luolavuori","3h+kk","kt","51,00",132000,2588,1961,"4/8","on","hyvä","oma","G2013"
"Uittamo","3h,k, p","kt","80,00",122000,1525,1976,"4/7","on","tyyd.","oma","D2007"
"Ruohonpää","3h,k,s, lasitet...","kt","72,00",201000,2792,2003,"4/4","on","hyvä","oma","C2007"
"Suikkila","3h,k,kph,s,lp","kt","79,00",150000,1899,1984,"4/5","on","tyyd.","oma","D2013"
"Kakolanmäki","3h,kt,s","kt","63,00",238000,3778,2015,"4/4","on","hyvä","vuokra","B2013"
"Hannunniittu","3h+k","kt","69,50",132000,1899,1967,"4/7","on","hyvä","oma","D2007"
"Vasaramäki","3h, k, kh, p","kt","58,50",105000,1795,1961,"4/4","ei","tyyd.","vuokra","F2007"
"Telakkaranta","3h+k+kph/wc+s","kt","72,50",332500,4586,2015,"4/7","on","hyvä","oma","C2013"
"Itäinen keskusta","3h, k","kt","73,00",248000,3397,1964,"4/7","on","hyvä","oma","F2013"
"Suikkila","3h,k,kph,vh,p","kt","66,00",134000,2030,1969,"4/8","on","hyvä","oma","F2013"
"Hannunniittu","3h, k, p","kt","67,50",115000,1704,1967,"4/7","on","tyyd.","oma","D"
"Ispoinen","3h, k","kt","76,00",145000,1908,1970,"4/7","on","hyvä","oma","F2013"
"Jäkärlä","3h+k","kt","80,00",70500,881,1983,"3/3","ei","tyyd.","oma","F2013"
"Vasaramäki","3 h+k","kt","65,00",126000,1938,1969,"3/5","on","tyyd.","oma","D2007"
"Lauste","3h,k,kph,wc,lp.","kt","76,00",110000,1447,1975,"3/8","on","hyvä","vuokra","C2007"
"Satama","3 h,k,s,p","kt","65,00",280000,4308,2022,"3/6","on"," ","oma","A2018"
"Satama","3 h,k,s,p","kt","65,00",280000,4308,2022,"3/6","on"," ","oma","A2018"
"Itäinen keskusta","3h+k","kt","85,50",325000,3801,1969,"3/8","on","hyvä","oma","E2013"
"Koivula","3h+k+s","kt","79,50",146000,1836,1985,"3/3","ei","hyvä","oma","C2007"
"Kastu","3h, k, p","kt","76,00",110000,1447,1966,"3/3","ei","huono","oma","F2013"
"Martti","3h + k","kt","69,00",198000,2870,1961,"3/7","on","tyyd.","oma","D2007"
"Ilpoinen","3h,k","kt","67,00",91597,1367,1971,"3/8","on","hyvä","vuokra","E2013"
"Lauste","3h+k+kph+wc+lp.","kt","76,00",70000,921,1973,"3/4","on","tyyd.","vuokra","F2013"
"Satama","3 h,k,s,vaateh,...","kt","74,00",314000,4243,2022,"3/6","on"," ","oma","A2018"
"Satama","3 h,k,s,vaateh,...","kt","74,00",324000,4378,2022,"3/6","on"," ","oma","A2018"
"Uittamo","3h+keittiö...","kt","66,00",136000,2061,1965,"3/7","on","tyyd.","oma","E2013"
"Vasaramäki","3h, k,p","kt","62,00",113000,1823,1961,"3/4","ei","tyyd.","vuokra","F2007"
"Vasaramäki","3h, k, kh, p","kt","58,50",125775,2150,1961,"3/4","ei","hyvä","vuokra","F2007"
"Itäharju","3h+k","kt","66,00",163000,2470,1966,"3/4","ei","hyvä","oma","F2013"
"Luolavuori","3h+k","kt","59,00",175000,2966,1958,"3/5","ei","hyvä","oma","F2013"
"Keskusta","3h,k,kh,p","kt","73,00",260000,3562,1961,"3/8","on","hyvä","oma","F2013"
"Vasaramäki","3h, k,p","kt","72,00",128000,1778,1961,"3/4","ei","tyyd.","vuokra","F2007"
"Vasaramäki","3h, k, p","kt","83,00",191000,2301,1963,"3/4","ei","hyvä","oma","F"
"Satama","3 h,k,s,parveke","kt","73,00",316500,4336,2020,"3/7","on"," ","oma","A2018"
"Keskusta","3h, k","kt","82,00",220000,2683,1958,"3/7","on","hyvä","oma","F2013"
"Suikkila","3h, k, kph","kt","80,00",157000,1963,1974,"3/6","on"," ","oma","G2013"
"Keskusta","3h,k,kh,parv","kt","69,00",224000,3246,1955,"3/4","on","hyvä","oma","D2007"
"Keskusta / linnanfältti","2-3 h,kt,s","kt","63,00",305000,4841,2019,"3/5","on"," ","oma","B2018"
"Kakolanmäki","3h, kt","kt","54,50",232000,4257,2019,"3/3","on","hyvä"," ","C"
"Jäkärlä","3h,k,vh,wc,kph,...","kt","76,00",76000,1000,1981,"3/3","ei","hyvä","oma","F2013"
"Pohjola","3h, k","kt","66,00",160000,2424,1956,"3/3","ei","tyyd.","oma","F"
"Laukkavuori","3h,k,wc,kph,p","kt","75,00",138627,1848,1972,"3/7","on","hyvä","oma","G2013"
"Jäkärlä","3h,k,kph,vh,p","kt","78,00",63000,808,1982,"3/3","ei","hyvä","oma","F2013"
"Satama","3h,kt,s. erill....","kt","71,00",242750,3419,2020,"3/7","on"," ","vuokra","B2018"
"Hepokulta","3 h,k,kph,wc, parv","kt","77,00",55000,714,1970,"3/4","on"," ","oma","F2013"
"Vasaramäki","3,h,k,kph,parv","kt","77,00",141000,1831,1957,"3/4","ei","hyvä","vuokra","F2013"
"Varissuo","3h, k","kt","76,50",73000,954,1976,"3/9","on","tyyd.","oma","F"
"Satama","3h,kt,s","kt","57,00",213650,3748,2020,"3/7","on"," ","vuokra","B2018"
"Satama","3 h,k,s","kt","55,00",250000,4545,2019,"3/7","on"," ","oma","B2013"
"Nättinummi","3h,k,p, s","kt","76,50",132000,1725,1976,"3/9","on","hyvä","oma","E2013"
"Keskusta","3h+k+s+vh+p","kt","72,00",219000,3042,1983,"3/5","on","tyyd.","oma","D2007"
"Uittamo","3 h+k+wc+kph+kh...","kt","82,00",153000,1866,1974,"3/7","ei","hyvä","oma","C2007"
"Martti","3h, kk, kh","kt","60,00",182000,3033,1939,"3/5","on","hyvä","vuokra","D2013"
"Suikkila","3h,k,kph,vh,p","kt","66,00",130000,1970,1968,"3/8","on","hyvä","oma","F2013"
"Vasaramäki","3h,k,kph,lasit ...","kt","63,00",162000,2571,1962,"2/5","on","tyyd.","oma","F2013"
"Suikkila","3h, k, kh, 2 vh...","kt","80,00",140000,1750,1977,"2/7","on","hyvä","oma","F2013"
"Varissuo","3h+k+kph+vh+lp","kt","77,00",89000,1156,1980," ","on","hyvä","oma","F2013"
"Martti","3h, k, kh, wc, ...","kt","77,50",265000,3419,2009,"2/7","on","hyvä","oma","B2018"
"Satama","3 h,k,s,p","kt","65,00",276000,4246,2022,"2/6","on"," ","oma","A2018"
"Satama","3 h,k,s,parveke","kt","69,00",300000,4348,2020,"2/6","on"," ","oma","A2018"
"Satama","3 h,k,s,vaateh,...","kt","69,00",312000,4522,2022,"2/6","on"," ","oma","A2018"
"Keskusta","3h,k,kph,2 lasi...","kt","68,50",232000,3387,1965,"2/6","on","hyvä","oma","F2013"
"Satama","3 h,k,s,vaateh,...","kt","74,00",314000,4243,2022,"2/6","on"," ","oma","A2018"
"Satama","3 h,k,s","kt","55,00",252450,4590,2019,"2/7","on"," ","oma","B2013"
"Perno","3h+k+kph/wc+vh+...","kt","74,00",69000,932,1964,"2/3","ei","tyyd.","vuokra","G2013"
"Vienola","3h+k+vh+kph+las.p","kt","74,00",77000,1041,1968,"2/3","ei"," ","oma","F2013"
"Satama","3 h,k,s,vaateh,...","kt","74,00",326000,4405,2022,"2/6","on"," ","oma","A2018"
"Kakolanmäki","3 h,kt,s","kt","74,00",289000,3905,2020,"2/6","on"," ","vuokra","B2018"
"Satama","3 h,k,s,vaateh,...","kt","69,00",306000,4435,2022,"2/6","on"," ","oma","A2018"
"Läntinen keskusta","2-3h+kt+s","kt","74,00",333000,4500,2019,"2/6","on","hyvä","oma","C2013"
"Satama","3 h,k,s,erill. ...","kt","81,00",343500,4241,2020,"2/6","on"," ","oma","A2018"
"Itäinen keskusta","3h, kk, s","kt","77,00",288000,3740,2000,"2/4","on","hyvä","oma","F"
"Martti","3 h+k","kt","65,00",190000,2923,1951,"2/5","on","hyvä","oma","D2007"
"Satama","3 h,k,s,parveke","kt","73,00",313552,4295,2020,"2/7","on"," ","oma","A2018"
"Vasaramäki","3h+k","kt","74,00",179000,2419,1958,"2/4","ei","hyvä","oma","D2007"
"Hepokulta","3 h,k,kph,wc, parv","kt","77,00",57000,740,1970,"2/4","on"," ","oma","F2013"
"Keskusta","3h, k, s, p","kt","109,00",320000,2936,1990,"2/6","on","tyyd.","oma","E2013"
"Lauste","3h, k, p","kt","74,00",51500,696,1973,"2/3","ei","tyyd.","vuokra","D"
"Vasaramäki","3h,k,kph,lp","kt","60,00",165000,2750,1965,"2/5","on","hyvä","oma","F2013"
"Itäharju","3h, k, p","kt","66,00",171000,2591,1966,"2/4","ei","hyvä","oma","F2013"
"Halinen","3h+k+s","kt","78,00",128028,1641,1990,"2/3","ei","hyvä","oma","F2013"
"Uittamo","3h, k, kh, wc, p","kt","71,00",149000,2099,1972,"2/7","on","hyvä","oma","C2007"
"Varissuo","3 h + k","kt","77,00",80000,1039,1980,"2/3","on"," ","oma","E2013"
"Länsikeskus","3h,kk,s","kt","72,00",121500,1688,1965,"2/2","ei","hyvä","oma","E2013"
"Koivula","3h,k,s","kt","78,00",128000,1641,1985,"2/3","ei","tyyd.","oma","D2007"
"Nättinummi","3h,k,kph,vh,las...","kt","75,00",140000,1867,1970,"2/7","on","hyvä","oma","D2007"
"Satama","3 h,k,s,khh,eri...","kt","89,00",375000,4213,2020,"2/7","on"," ","oma","A2018"
"Keskusta","3 h,avokeitti&#...","kt","79,00",263500,3335,1956,"2/8","on","hyvä","oma","F2013"
"Jäkärlä","3h, k","kt","80,00",70500,881,1983,"2/3","ei","tyyd.","oma","F"
"Keskusta / linnanfältti","2-3 h,kt,s","kt","62,00",289500,4669,2019,"2/5","on"," ","oma","B2018"
"Varissuo","3h+k","kt","72,50",95000,1310,1984,"2/6","on","hyvä","oma","F2013"
"Vasaramäki","3h, k, kh, p","kt","58,50",134000,2291,1961,"2/4","ei","hyvä","vuokra","F2007"
"Iso-heikkilä","3h,k,kph","kt","66,00",128000,1939,1958,"2/7","on","tyyd.","oma","F2013"
"Luolavuori","3h, k, vh, kph,...","kt","74,00",147000,1986,1980,"2/4","on","hyvä","oma","F2013"
"Martti","3h + k + kph/wc...","kt","67,00",223000,3328,1953,"2/7","on","tyyd.","oma","C2013"
"Hannunniittu","3h, k, kph, p","kt","67,50",102500,1519,1967,"2/7","on","tyyd.","oma","G2013"
"Nummi","3h, k, kph, p","kt","95,50",230000,2408,1951,"2/4","ei","hyvä","oma","F2007"
"Jäkärlä","3 h, k, kph, patio","kt","71,00",88500,1246,1980,"1/3","ei","hyvä","oma","F2013"
"Runosmäki","3H,K","kt","80,00",57500,719,1974,"1/3","ei","tyyd.","oma","C2007"
"Vasaramäki","2-3h, k, kh, p","kt","65,50",178000,2718,1964,"1/4","on","hyvä","oma","E2007"
"Kärsämäki","3h, k, kh, p","kt","79,00",134000,1696,1971,"1/2","ei","hyvä","oma",
"Varissuo","3h,k,kph,lp","kt","77,00",79000,1026,1976,"1/8","on","hyvä","oma","F2013"
"Keskusta","3h+k+kph+s+eril...","kt","78,00",217000,2782,1951,"1/5","on","hyvä","oma","F2013"
"Harittu","3h+k+s","kt","79,00",136000,1722,1988,"1/3","ei","tyyd.","oma","D2007"
"Luolavuori","3h+kk+kh","kt","68,00",145000,2132,1961,"1/4","ei"," ","oma","G2013"
"Perno","3h+keittiö...","kt","74,00",71000,959,1964,"1/6","ei","tyyd.","vuokra","G2013"
"Itäinen keskusta","3 h,k,s,kph, kh...","kt","98,00",340000,3469,1927,"1/3","ei","hyvä","oma","E2007"
"Kakolanmäki","3h, k, s, 2 par...","kt","84,50",290000,3432,2018,"1/4","on","hyvä","vuokra","C"
"Varissuo","3h+k+kph+wc+vh+lp","kt","77,00",70000,909,1978,"1/3","ei","tyyd.","oma","E2013"
"Nättinummi","3h, k, las.p","kt","75,00",151700,2023,1973,"1/7","on","hyvä","oma","D2013"
"Uittamo","3h,k,s,kh,erill...","kt","79,00",185000,2342,1986,"1/6","on","hyvä","oma","B2007"
"Luolavuori","3h+k+kph/wc+vh+...","kt","59,00",134500,2280,1957,"1/5","ei","tyyd.","oma","F2013"
"Nättinummi","3h, k, p","kt","75,00",158000,2107,1970,"1/7","on","hyvä","oma","D"
"Ilpoinen","3h, k","kt","67,00",102000,1522,1968,"1/8","on","tyyd.","oma","E"
"Suikkila","3h, k","kt","80,00",96500,1206,1972,"1/3","ei","tyyd.","oma","F"
"Perno","3h+k+s","kt","79,00",91000,1152,1984,"1/3","ei"," ","oma","F2013"
"Kakolanmäki","3h,kt,khh,s","kt","66,00",309000,4682,2018,"1/3","on","hyvä","vuokra","C2013"
"Martti","3h+k+s","kt","77,00",192500,2500,1960,"1/6","on","tyyd.","oma","D2007"
"Itäharju","3h+k","kt","69,00",75000,1087,1969,"1/8","on","tyyd.","oma","E2013"
"Keskusta","3h, k","kt","71,00",198000,2789,1963,"1/7","on","tyyd.","oma","E"
"Itäharju","3h+k+kph/wc+s+v...","kt","69,00",220000,3188,2012,"1/3","on","hyvä","oma","B2013"
"Martti","3h, k","kt","66,00",217500,3295,1953,"1/7","on","hyvä","oma","C"
"Itäinen keskusta","5H+K+S","kt","109,50",305000,2785,1982,"8/8","on","tyyd.","oma","D"
"Itäinen keskusta","3-4h,k,p","kt","84,00",245000,2917,1967,"6/9","on","hyvä","oma","D2013"
"Ilpoinen","4h, k","kt","80,50",122000,1516,1968,"6/8","on","tyyd.","oma","E2007"
"Nättinummi","4h, k, kh, wc, ...","kt","91,00",141000,1549,1973,"6/8","on","tyyd.","oma","F2013"
"Keskusta","3-4h,k,kh/wc,2v...","kt","71,00",238000,3352,1961,"6/7","on","hyvä","oma","E2007"
"Petrelius","4h+k+parv","kt","89,50",192000,2145,1976,"6/8","on","hyvä","oma","D2013"
"Itäinen keskusta","3-4h+k+vh+las.p","kt","87,00",282000,3241,1957,"6/8","on"," ","oma","F2013"
"Keskusta","4h, k","kt","94,00",350000,3723,1954,"6/7","on","hyvä","oma","F2013"
"Itäinen keskusta","3-4 h, k, s","kt","112,00",345000,3080,1988,"6/6","on","tyyd.","oma","D2018"
"Keskusta itä","4h,k,s,wc,vh,la...","kt","92,00",267000,2902,1966,"6/6","on","hyvä","oma","D2007"
"Petrelius","4h+k+eril. wc+v...","kt","91,00",198000,2176,1969,"6/8","on","hyvä","oma","F2013"
"Satama","4 h,k,s,vaateh,...","kt","80,00",365000,4563,2022,"5/6","on"," ","oma","A2018"
"Satama","4 h,k,s,vaateh,...","kt","80,00",365000,4563,2022,"5/6","on"," ","oma","A2018"
"Uittamo","4h, k","kt","91,00",139500,1533,1978,"5/7","on","tyyd.","oma","D2007"
"Suikkila","5 h, k, ph/wc, ...","kt","146,00",240000,1644,1974,"5/5","on","hyvä","oma","F2013"
"Keskusta","4h, k, p","kt","119,50",365000,3054,1962,"5/8","on","hyvä","oma","D"
"Ruohonpää","4h + k + s","kt","94,00",167000,1777,1990,"5/7","on"," ","oma","G2013"
"Keskusta","5-6h,avo-ja apu...","kt","150,00",415571,2770,1959,"5/8","on","tyyd.","oma","F2013"
"Keskusta","5h+k+kh+parv","kt","100,00",333979,3340,1958,"5/8","on","hyvä","oma","F2013"
"Keskusta länsi","5h, k, kh, p","kt","118,50",252000,2127,1971,"5/7","on","huono","oma","D2013"
"Keskusta","4-5h,k,kph/wc,e...","kt","110,00",352000,3200,1962,"5/8","on"," ","oma","D2018"
"Laukkavuori","4h,k,wc,kph,p","kt","91,00",132000,1451,1972,"5/7","on","tyyd.","oma","G2013"
"Suikkila","3-4h,k,s,2wc,vh,p","kt","99,00",163000,1646,1977,"5/7","on","hyvä","oma","F2013"
"Kupittaa","4h,k,parv","kt","78,00",248000,3179,1966,"5/8","on","tyyd.","oma","E2007"
"Petrelius","4h, k, s, kph, ...","kt","120,00",249000,2075,1969,"5/8","on","hyvä","oma","F2013"
"Turku","4h, k, kph, las...","kt","81,00",220000,2716,1955,"5/7","on","tyyd.","oma","B2007"
"Kakolanmäki","4H,KT,S,P","kt","83,00",390500,4705,2022,"4/6","on","hyvä","vuokra","B2018"
"Keskusta","4h, k, s, 2xpar...","kt","135,00",780000,5778,2004,"4/6","on","hyvä","oma","A2013"
"Satama","4 h,k,s,vaateh,...","kt","80,00",358000,4475,2022,"4/6","on"," ","oma","A2018"
"Suikkila","4h+k","kt","87,00",149500,1718,1966,"4/8","on","tyyd.","oma","F2013"
"Pääskyvuori","4h+k+parv.","kt","90,00",126000,1400,1968,"3/3","ei","hyvä","oma","F2013"
"Satama","4 h,k,s,vaateh,...","kt","80,00",347000,4338,2022,"3/6","on"," ","oma","A2018"
"Keskusta","4 h, k, kph","kt","159,00",382200,2404,1928,"3/5","on","hyvä","oma","D2013"
"Suikkila","4h, k","kt","95,00",133000,1400,1973,"3/3","ei","hyvä","oma","E"
"Itäinen keskusta","oh, rh, 2 k, 5...","kt","253,00",840000,3320,1910,"3/4","on","huono","oma","E2013"
"Runosmäki","4-3h,k,kph,wc,parv","kt","97,00",101850,1050,1972,"2/3","ei"," ","oma","E2007"
"Länsikeskus","4h+keittiö...","kt","88,00",140000,1591,1965,"2/2","ei","hyvä","oma","E2013"
"Keskusta itä","5h, k, kh, wc, p","kt","163,50",525000,3211,1932,"2/6","on","tyyd.","oma","F2013"
"Runosmäki","4h,k,p","kt","95,00",97500,1026,1976,"2/6","on","hyvä","oma","C2007"
"Keskusta länsi","5h, k, kh, p","kt","168,00",420000,2500,1908,"2/3","ei","tyyd.","oma","E2013"
"Iii-kaupunginosa","4h + k + ph + k...","kt","163,00",650000,3988,1908,"2/3","ei","hyvä","oma","E2007"
"Keskusta","4-5h+k+kph+wc","kt","122,00",280000,2295,1958,"2/8","on","hyvä","oma","F"
"Keskusta itä","3h, takkah., k,...","kt","137,00",443000,3234,2006,"1/6","ei","hyvä","oma","D2018"
"Ilpoinen","4 h+k","kt","86,00",126000,1465,1970,"1/3","ei"," ","oma","F2013"
"Itäinen keskusta","4h, k, kph, vh, p.","kt","85,00",285000,3353,1958,"1/7","on","hyvä","oma","F2013"
"Keskusta","5 h, k, kh, s","kt","147,00",352000,2395,1910,"1/5","on","tyyd.","oma","F2013"
"Nummi","4h, k, kph, khh...","kt","126,00",310000,2460,1980,"1/2","ei","hyvä","oma",
"Uittamo","4h+k+s","kt","93,50",196000,2096,1981,"1/3","ei","hyvä","oma","E"
"Perno","4h+k","kt","88,00",90000,1023,1968,"1/2","ei","hyvä","oma","E2013"
"Kakola","4h, k, kph, s, ...","kt","86,50",415000,4798,2018,"1/3","on","hyvä","vuokra","C2018"
"Perno","4h,k,kph,s,las.p","kt","96,00",82000,854,1980," ","ei","tyyd.","oma","F2018"
