Stadsdel ◄,Lägenhet,Bos.t. ◄,m2 ◄,Sk.fr. pris € ◄,€/m2 ◄,Br ◄,Vån ◄,Hiss ◄,Skick ◄,Tomt ◄,Energik. ◄
Raunistula,1h+kt,kt,"27,50",162400,5905,2019,6/6,ja,bra,egen,C2013
Itäinen keskusta,"1h, kk",kt,"28,00",150500,5375,1966,2/7,ja,nöjaktig,egen,E2013
Länsinummi,1h+kk+kph/wc+vh,kt,"30,00",72000,2400,1976,6/9,ja,nöjaktig,egen,E2007
Satama,"1 h,tk,parveke",kt,"30,00",154000,5133,2020,4/7,ja,,egen,A2018
Keskusta,"1h,alkovi, k, k...",kt,"41,00",162000,3951,1962,6/7,ja,nöjaktig,egen,D2013
Raunistula,1h+kt+p,kt,"25,00",169630,6785,2019,6/6,ja,bra,egen,C2013
Satama,1h+kt,kt,"25,50",125000,4902,2020,7/7,ja,bra,hyrd,B2013
Martinmäki,"1h,keittosyvenn...",kt,"29,00",139000,4793,1961,5/7,ja,nöjaktig,egen,D2007
Raunistula,1h+kt+p,kt,"25,00",170900,6836,2019,6/6,ja,bra,egen,C2013
Satama,"1 h,tk,parveke",kt,"34,00",173500,5103,2020,6/7,ja,,egen,A2018
Vähäheikkilä,"1h, k, kph, ran...",kt,"28,00",87000,3107,1957,2/2,nej,bra,egen,D2007
Martinmäki,1h+kk,kt,"29,00",143000,4931,1961,4/7,ja,bra,egen,D2007
Keskusta / linnanfältti,"1 h,kt",kt,"26,00",125890,4842,2020,1/4,ja,,hyrd,B2018
Satama,"1 h,tk,parveke",kt,"30,00",153300,5110,2020,4/7,ja,,egen,A2018
Satama,"1 h,tk,parveke",kt,"30,00",161000,5367,2020,6/7,ja,,egen,A2018
Kakolanmäki,"1 h,kt",kt,"24,00",145900,6079,2020,2/6,ja,,hyrd,B2018
Koivula,"1h,kk,kph,vh,patio",kt,"30,00",73000,2433,1985,,ja,bra,egen,F2013
Satama,"1 h,tk,parveke",kt,"30,00",156000,5200,2020,5/6,ja,,egen,A2018
Ilpoinen,"1h, kk (avokeit...",kt,"29,00",73200,2524,1971,5/8,ja,bra,egen,D2007
Nummi,"1 h, kk, ph/wc, p",kt,"27,00",108000,4000,1958,3/10,ja,bra,egen,D2007
Satama,"1 h,tk,parveke",kt,"30,00",150000,5000,2020,3/7,ja,,egen,A2018
Härkämäki,"1h,k,kph,vh",kt,"35,00",57800,1651,1982,7/8,ja,nöjaktig,egen,B2007
Mäntymäki,"1h,kk",kt,"28,00",111000,3964,1958,2/7,ja,bra,egen,G2013
Satama,"1 h,tk,parveke",kt,"34,00",169000,4971,2020,4/7,ja,,egen,A2018
Teräsrautela,"1h,k,s,parv.",kt,"46,00",105000,2283,1985,3/3,nej,nöjaktig,egen,D2007
Hepokulta,"1h,kk,kh,lasit....",kt,"32,50",58647,1805,1973,2/8,ja,nöjaktig,egen,F2013
Luolavuori,"1h,kk,kph,et",kt,"30,00",102001,3400,1958,7/8,ja,nöjaktig,egen,F2013
Satama,"1 h,tk,parveke",kt,"30,00",157000,5233,2020,6/7,ja,,egen,A2018
Satama,"1 h,tk,terassi",kt,"30,00",146000,4867,2020,1/7,ja,,egen,A2018
Gränsbacka,1h+kt+kph+parveke,kt,"31,50",135000,4286,2018,1/4,ja,bra,egen,C2018
Hepokulta,"1h, kk",kt,"29,50",58999,2000,1974,4/8,ja,nöjaktig,egen,F2013
Portsa,1h+kk+suihku+wc,kt,"32,00",132500,4141,1929,2/6,nej,bra,egen,F2013
Keskusta,"1h,kk,kph",kt,"27,00",141000,5222,1961,4/8,ja,,egen,F2018
Satama,"1 h,tk,terassi",kt,"34,00",157000,4618,2020,1/7,ja,,egen,A2018
Kakolanmäki,autohallipaikka,kt,"13,00",17000,1308,2020,1/6,ja,,hyrd,B2018
Keskusta,"1h,kk,kh",kt,"20,50",100000,4878,1961,4/6,ja,bra,egen,E2007
Keskusta,"1h,kk",kt,"31,00",94000,3032,1960,1/9,ja,nöjaktig,egen,C2018
Lonttinen,"1h,k,kph,s",kt,"39,00",155000,3974,2001,2/4,ja,bra,egen,F2013
Martti,"1h, k",kt,"27,00",100000,3704,1951,3/5,nej,bra,egen,E2013
Keskusta,"1h,kk,kph,lasit.p.",kt,"31,00",120000,3871,1960,4/9,ja,nöjaktig,egen,D2018
Keskusta,"1h, k, kph, par...",kt,"31,00",137000,4419,1962,3/9,nej,nöjaktig,egen,
Suikkila,"1h, k, kph, par...",kt,"33,00",78000,2364,1977,1/7,nej,nöjaktig,egen,F2013
Petrelius,1h+kk,kt,"30,00",96000,3200,1976,3/8,ja,,egen,D2007
Satama,"1 h,tk,parveke",kt,"30,00",147000,4900,2020,3/7,ja,,egen,A2018
Itäinen keskusta,1 h+kk,kt,"32,00",95000,2969,1970,3/7,ja,bra,egen,F2013
Satama,"1 h,tk,parveke",kt,"34,00",155520,4574,2020,2/7,ja,,egen,A2018
Martti,"1h, kk, vaatehuone",kt,"20,00",112000,5600,1961,2/7,ja,bra,egen,D
Varissuo,1 h+kk,kt,"30,00",52000,1733,1978,1/8,ja,,hyrd,F2013
Luolavuori,"1 h,k,parv",kt,"30,00",94500,3150,1969,4/8,ja,bra,egen,D2007
Vasaramäki,"1h, kk, p",kt,"28,00",100000,3571,1964,1/6,ja,bra,egen,E2013
Keskusta,1h+k,kt,"36,00",132000,3667,1949,4/4,nej,bra,egen,F2013
Vasaramäki,"1h, kk",kt,"26,00",66300,2550,1961,1/4,nej,nöjaktig,hyrd,F2007
Vasaramäki,"1h, kk",kt,"28,00",72500,2589,1961,2/4,nej,nöjaktig,hyrd,F2007
Vasaramäki,"1h, kk",kt,"28,00",72500,2589,1961,2/4,nej,nöjaktig,hyrd,F2007
Itäinen keskusta,1h+kk+kh,kt,"28,00",146960,5249,1956,5/7,ja,nöjaktig,egen,F2013
Keskusta,"1h, kt, parvi",kt,"37,00",303400,8200,1898,3/5,ja,bra,egen,C
Vasaramäki,"1h, kk",kt,"28,00",71400,2550,1961,3/4,nej,nöjaktig,hyrd,F2007
Vasaramäki,"1h, kk",kt,"28,00",71400,2550,1961,2/4,nej,nöjaktig,hyrd,F2007
Vasaramäki,"1h, kk",kt,"28,00",71400,2550,1961,4/4,nej,nöjaktig,hyrd,F2007
Vasaramäki,"1h, kk",kt,"28,00",71400,2550,1961,4/4,nej,nöjaktig,hyrd,F2007
Vasaramäki,"1h, kk",kt,"28,00",71400,2550,1961,4/4,nej,nöjaktig,hyrd,F2007
Vasaramäki,"1h, kk",kt,"28,50",72675,2550,1961,1/4,nej,nöjaktig,hyrd,F2007
Vasaramäki,"1h, kk",kt,"24,00",61200,2550,1961,1/4,nej,nöjaktig,hyrd,F2007
Vasaramäki,"1h, kk",kt,"26,00",66300,2550,1961,1/4,nej,nöjaktig,hyrd,F2007
Vasaramäki,"1h, kk",kt,"28,00",71400,2550,1961,1/4,nej,nöjaktig,hyrd,F2007
Vasaramäki,"1h, kk",kt,"24,00",61200,2550,1961,4/4,nej,nöjaktig,hyrd,F2007
Vasaramäki,"1h, kk",kt,"26,00",66300,2550,1961,1/4,nej,bra,hyrd,F2007
Vasaramäki,"1h, kk",kt,"26,00",66300,2550,1961,1/4,nej,nöjaktig,hyrd,F2007
Vasaramäki,"1h, kk",kt,"26,00",66300,2550,1961,1/4,nej,nöjaktig,hyrd,F2007
Vasaramäki,"1h, kk",kt,"28,00",71400,2550,1961,3/4,nej,nöjaktig,hyrd,F2007
Keskusta,"1h, kt, parvi",kt,"36,00",280000,7778,1898,2/5,ja,bra,egen,C
Keskusta,"1h, k, p",kt,"39,00",178000,4564,1961,4/8,ja,bra,egen,F
Kakolanmäki,"1h, kt, p",kt,"28,50",143000,5018,2017,3/3,ja,bra,hyrd,C
Nättinummi,1 h+kk+parv,kt,"30,00",90000,3000,1972,2/4,ja,,egen,D2007
Keskusta,"1 h, kk, p",kt,"34,00",107000,3147,1962,3/9,ja,nöjaktig,egen,D2007
Satama,"1 h,tk,parveke",kt,"34,00",169000,4971,2020,4/6,ja,,egen,A2018
Satama,"1 h,tk,parveke",kt,"34,00",165000,4853,2020,3/7,ja,,egen,A2018
Keskusta,"1h, kt, parvi",kt,"36,50",299300,8200,1898,2/5,ja,bra,egen,C
Portsa,"1h,kk,p",kt,"26,00",121000,4654,1949,2/4,nej,nöjaktig,egen,F2018
Satama,"1 h,tk,terassi",kt,"30,00",146000,4867,2020,1/6,ja,,egen,A2018
Kakolanmäki,autohallipaikka,kt,"13,00",17000,1308,2020,1/6,ja,,hyrd,B2018
Keskusta / linnanfältti,"1 h,kt",kt,"26,00",125890,4842,2020,1/4,ja,,hyrd,B2018
Keskusta / linnanfältti,"1 h,kt",kt,"26,00",131890,5073,2020,4/4,ja,,hyrd,B2018
Keskusta / linnanfältti,"1 h,kt",kt,"26,00",125890,4842,2020,1/4,ja,,hyrd,B2018
Satama,"1 h,tk,terassi",kt,"30,00",146000,4867,2020,1/6,ja,,egen,A2018
Satama,"1 h,tk,parveke",kt,"30,00",152000,5067,2020,3/6,ja,,egen,A2018
Itäinen keskusta,"1h/liiketila, t...",kt,"78,20",220000,2813,1929,,ja,bra,egen,F
Kakolanmäki,autohallipaikka,kt,"13,00",17000,1308,2020,1/6,ja,,hyrd,B2018
Nummenmäki,1h,kt,"17,00",41000,2412,1930,4/4,nej,nöjaktig,egen,
Herttuankulma,"1h, kt, asuntopiha",kt,"26,00",121000,4654,2020,2/7,ja,bra,,B2018
Satama,"1 h,tk,parveke",kt,"30,00",155000,5167,2020,4/6,ja,,egen,A2018
Vasaramäki,1h+kt,kt,"24,50",149000,6082,2018,5/6,ja,bra,egen,C2018
Satama,"1 h,tk,parveke",kt,"28,00",156000,5571,2020,6/7,ja,,egen,A2018
Satama,"1 h,tk,terassi",kt,"30,00",146000,4867,2020,1/7,ja,,egen,A2018
Satama,"1 h,tk,parveke",kt,"34,00",172000,5059,2020,5/7,ja,,egen,A2018
Satama,"1 h,tk,parveke",kt,"30,00",149000,4967,2020,2/6,ja,,egen,A2018
Hepokulta,"1h, kk",kt,"34,00",61000,1794,1972,4/8,ja,nöjaktig,egen,F2013
Keskusta,"1h, kt, alkovi",kt,"46,50",328000,7054,1898,3/5,ja,bra,egen,C
Satama,"1 h,k,s",kt,"49,00",213250,4352,2019,1/7,ja,,egen,B2013
Kakolanmäki,autohallipaikka,kt,"13,00",17000,1308,2020,1/6,ja,,hyrd,B2018
Keskusta / linnanfältti,"1 h,kt",kt,"28,00",133890,4782,2020,4/4,ja,,hyrd,B2018
Satama,"1 h,tk,parveke",kt,"34,00",162000,4765,2020,2/6,ja,,egen,A2018
Satama,"1 h,tk,parveke",kt,"30,00",158000,5267,2020,5/6,ja,,egen,A2018
Satama,"1 h,tk,parveke",kt,"30,00",149000,4967,2020,2/6,ja,,egen,A2018
Kakolanmäki,autohallipaikka,kt,"13,00",17000,1308,2020,,ja,,hyrd,B2018
Satama,"1 h,tk,parveke ...",kt,"28,00",142000,5071,2020,1/6,ja,,egen,A2018
Itäinen keskusta,"1h, kk",kt,"31,50",131000,4159,1980,6/6,ja,nöjaktig,egen,F2013
Uittamo,"1h, k, kph, vh",kt,"39,00",95000,2436,1967,6/8,ja,bra,egen,F2013
Itäinen keskusta,"1h, kk, kh, pv",kt,"30,00",155000,5167,1963,5/7,ja,nöjaktig,egen,F
Itäinen keskusta,"1 h,kk",kt,"43,00",154734,3598,1928,1/5,nej,nöjaktig,egen,F2013
Satama,"1 h,tk,terassi",kt,"34,00",159000,4676,2020,1/6,ja,,egen,A2018
Länsikeskus,1h+kk+s,kt,"43,50",140000,3218,2003,2/3,ja,bra,egen,E2007
Kakolanmäki,"1 h,kt,alk",kt,"37,00",161750,4372,2020,2/6,ja,,hyrd,B2018
Satama,"1 h,tk,parveke",kt,"30,00",149000,4967,2020,2/7,ja,,egen,A2018
Itäinen keskusta,"1h,",kt,"30,00",150000,5000,1963,5/7,ja,bra,egen,F
Satama,"1 h,tk,parveke",kt,"30,00",155000,5167,2020,4/6,ja,,egen,A2018
Keskusta,"1h, kk",kt,"22,00",126000,5727,1956,4/8,ja,bra,egen,F2007
Linnanfältti,"1 h,kt",kt,"28,00",128890,4603,2020,1/3,ja,,hyrd,B2018
Satama,"1 h,tk,parveke ...",kt,"28,00",142000,5071,2020,1/6,ja,,egen,A2018
Satama,"1 h,tk,parveke",kt,"30,00",149000,4967,2020,2/7,ja,,egen,A2018
Satama,"1 h,tk,parveke",kt,"30,00",152000,5067,2020,3/6,ja,,egen,A2018
Linnanfältti,"1 h,kt",kt,"26,00",129890,4996,2020,2/4,ja,,hyrd,B2018
Satama,"1 h,tk,parveke ...",kt,"28,00",142000,5071,2020,1/7,ja,,egen,A2018
Läntinen keskusta,1h+kk+kph/wc+vh...,kt,"37,00",113000,3054,1959,4/7,ja,nöjaktig,egen,F2013
Linnanfältti,"1 h,kt",kt,"26,00",131890,5073,2020,4/4,ja,,hyrd,B2018
Linnanfältti,"1 h,kt",kt,"26,00",129890,4996,2020,2/3,ja,,hyrd,B2018
Linnanfältti,"1 h,kt",kt,"28,00",131890,4710,2020,2/4,ja,,hyrd,B2018
Linnanfältti,"1 h,kt",kt,"28,00",132890,4746,2020,3/4,ja,,hyrd,B2018
Pohjola,1h+kt,kt,"21,00",146000,6952,2018,4/8,ja,bra,egen,C2013
Linnanfältti,"1 h,kt",kt,"26,00",127390,4900,2020,2/3,ja,,hyrd,B2018
Linnanfältti,"1 h,kt",kt,"28,00",129390,4621,2020,2/3,ja,,hyrd,B2018
Portsa,1h ja kk,kt,"32,00",118000,3688,1929,4/6,nej,nöjaktig,egen,F2013
Turku,1H+K,kt,"37,00",132000,3568,1962,3/8,ja,bra,egen,D2007
Vätti,"1h,k,p",kt,"39,50",113455,2872,1962,4/6,ja,bra,egen,F2013
Linnanfältti,"1 h,kt",kt,"26,00",131890,5073,2020,4/4,ja,,hyrd,B2018
Linnanfältti,"1 h,kt",kt,"28,00",133890,4782,2020,4/4,ja,,hyrd,B2018
Keskusta,"1h, k",kt,"38,00",141000,3711,1961,5/6,ja,nöjaktig,egen,D
Raunistula,1h+tupak+s,kt,"42,00",174000,4143,2013,1/5,nej,bra,egen,
Itäinen keskusta,1h,kt,"26,70",123000,4607,1929,1/6,ja,nöjaktig,egen,F
Teräsrautela,"1h, kk, kph, vh",kt,"34,00",78143,2298,1985,2/3,nej,nöjaktig,egen,E2007
Martti,"1h,alkovi,k,vh,...",kt,"40,50",147500,3642,1989,4/6,ja,nöjaktig,egen,C2007
Suikkila,"1h,kk,kph/wc,vh",kt,"35,00",69000,1971,1975,2/3,nej,,egen,D2018
Keskusta,1h+kk,kt,"29,50",135700,4600,1962,6/8,ja,nöjaktig,egen,D2007
Pansio,1h+kt,kt,"44,00",50000,1136,1946,1/2,nej,bra,egen,
Keskusta,"1h,k,kph,p",kt,"51,00",158000,3098,2001,2/4,ja,,egen,
Kakolanmäki,"h,kt",kt,"30,00",152500,5083,2018,3/5,ja,bra,egen,C2013
Telakkaranta,1h+tk+alk,kt,"33,50",181000,5403,2015,3/7,ja,bra,egen,C2013
Westpark,1h+kt+alk+s,kt,"36,50",144000,3945,2012,3/5,ja,bra,egen,A2007
Uittamo,"1 h,k,sauna",kt,"40,00",89500,2238,1981,1/4,ja,nöjaktig,egen,C2007
Ruohonpää,1h+kt+kph+lasit...,kt,"30,00",135998,4533,2018,2/8,ja,bra,egen,C
Ilpoinen,1h+kk+p,kt,"31,00",71000,2290,1974,3/8,ja,dålig,egen,F2013
Iso-heikkilä,"1h, kk",kt,"31,00",96000,3097,1959,2/7,ja,bra,egen,G
Ilpoinen,"1h,kk,vh,p",kt,"31,00",79500,2565,1974,8/8,ja,bra,egen,F2013
Keskusta,"1 h,kt",kt,"28,00",155000,5536,2019,2/5,ja,,egen,C2013
Runosmäki,"1 h, kk, ph, vh",kt,"33,00",56000,1697,1976,2/6,ja,nöjaktig,egen,C2007
Raunistula,1h+kt+p,kt,"25,00",157500,6300,2019,5/6,ja,bra,egen,C2013
Läntinen keskusta,Autohallipaikka,kt,"12,50",25363,2029,2019,,nej,,egen,
Kupittaa,"1h, kk",kt,"29,00",130000,4483,1958,6/6,ja,bra,egen,E
Iso-heikkilä,"1 h, kk, ph",kt,"31,00",87000,2806,1959,7/7,ja,nöjaktig,egen,G2013
Keskusta,"1h,kk,alk,kph",kt,"30,00",120000,4000,1951,2/4,nej,bra,egen,D2007
Keskusta,"1h, kk, wc",kt,"30,00",133000,4433,1927,2/5,ja,bra,egen,D
Kakolanmäki,"1h, kt, alk",kt,"37,00",166377,4497,2020,6/6,ja,bra,hyrd,B2018
Länsikeskus,"1 h,kt,alk",kt,"37,00",142450,3850,2019,3/5,ja,bra,hyrd,C2013
Luolavuori,1h+k+kph,kt,"30,00",99000,3300,1958,2/5,nej,nöjaktig,egen,F2013
Runosmäki,"1 h,kk,kph,maku...",kt,"33,00",56000,1697,1976,4/6,ja,nöjaktig,egen,C2007
Keskusta,"1h,kk,alk, kph",kt,"29,00",105500,3638,1951,1/4,nej,nöjaktig,egen,D2007
Raunistula,1h+kt+alk+p,kt,"32,00",191000,5969,2019,6/6,ja,bra,egen,C2013
Läntinen keskusta,Autohallipaikka,kt,"14,00",25364,1812,2019,,nej,,egen,
Nummi,1h+kk+vh+kph+la...,kt,"30,00",124150,4138,1963,3/7,ja,bra,egen,G2013
Martti,"1h,kk,kh",kt,"23,00",100000,4348,1948,5/7,nej,,egen,
Lauste,"1h,kk,kph",kt,"31,00",49000,1581,1980,2/4,nej,nöjaktig,egen,F2013
Martti,"1h,kk,ph, alkovi",kt,"20,00",95000,4750,1950,3/3,nej,bra,egen,D2007
Keskusta,"1h, k, kh",kt,"31,00",110000,3548,1962,2/7,ja,bra,egen,D
Kakolanmäki,"2 h,kt,vh",kt,"40,00",191900,4798,2020,6/6,ja,,hyrd,B2018
Keskusta,2h+kk+kh+pv,kt,"41,50",130000,3133,1965,5/9,ja,nöjaktig,egen,
Keskusta,2h+keittiö...,kt,"54,00",150000,2778,1965,5/7,ja,nöjaktig,egen,F2013
Luolavuori,"2h,k,las.p (yj....",kt,"59,00",92404,1566,1970,4/5,ja,nöjaktig,egen,F2013
Varissuo,"2h, k",kt,"60,00",72500,1208,1978,2/3,nej,nöjaktig,egen,F2013
Nättinummi,"2h, k , kph, 2x...",kt,"61,00",110000,1803,1973,4/8,ja,bra,egen,F2013
Satama,"1 h,tk,parveke",kt,"28,00",151500,5411,2020,5/6,ja,,egen,A2018
Satama,"2 h,kt,vh",kt,"43,00",184500,4291,2019,1/7,ja,,egen,B2013
Katariina,2h+k+p,kt,"69,50",152000,2187,1988,1/3,ja,bra,hyrd,E2013
Kakolanmäki,"2 h,kt,vh",kt,"40,00",187900,4698,2020,5/6,ja,,hyrd,B2018
Kakolanmäki,2h+kt,kt,"37,00",167000,4514,2020,4/6,nej,bra,hyrd,B2018
Keskusta / linnanfältti,"2 h,kt",kt,"37,00",158490,4284,2020,1/3,ja,,hyrd,B2018
Satama,"2 h,k,vh,parveke",kt,"50,00",225000,4500,2020,3/7,ja,,egen,A2018
Keskusta itä,"2h,kk,kh",kt,"43,50",160000,3678,1961,2/7,ja,bra,egen,G2007
Uittamo,2h+k+kph+vh+las.p,kt,"56,00",89000,1589,1974,6/7,ja,nöjaktig,egen,D2013
Runosmäki,"2 h, k, lasitet...",kt,"55,00",70000,1273,1977,4/6,ja,bra,egen,C2007
Hurttivuori,"2h, k, parv.",kt,"59,00",87000,1475,1970,4/4,nej,bra,egen,G2013
Keskusta / linnanfältti,"2 h,kt,vh,p",kt,"46,00",192123,4177,2020,2/3,ja,,hyrd,B2018
Satama,"1 h,tk,parveke",kt,"28,00",153000,5464,2020,5/7,ja,,egen,A2018
Keskusta / linnanfältti,"2 h,kt,s",kt,"49,00",227308,4639,2019,1/5,ja,,egen,B2018
Satama,"2 h,k,vh,terassi",kt,"57,00",246000,4316,2020,2/7,ja,,egen,A2018
Satama,"2 h,kt,vh",kt,"43,00",196000,4558,2019,4/7,ja,,egen,B2013
Hannunniittu,2h+k,kt,"53,00",114000,2151,1971,5/6,ja,nöjaktig,egen,F2013
Keskusta,2h+k+kh,kt,"50,00",175000,3500,1961,6/9,ja,nöjaktig,egen,F2013
Ilpoinen,2 h + k,kt,"55,00",80000,1455,1970,1/3,nej,,egen,F2013
Keskusta,2h+kk,kt,"50,50",194000,3842,1959,5/7,ja,bra,egen,G2013
Martti,2h + k + vh + k...,kt,"56,00",200500,3580,1957,5/6,ja,bra,egen,F2013
Majakkaranta,2h+k+s,kt,"64,50",209500,3248,1993,3/8,ja,bra,egen,F2013
Runosmäki,2h+k+kph,kt,"56,00",65000,1161,1975,2/5,ja,nöjaktig,egen,E2007
Keskusta,2h+kk,kt,"37,00",145000,3919,1958,7/8,ja,bra,egen,D2007
Vasaramäki,"2h,k,p",kt,"47,00",90000,1915,1961,4/4,nej,nöjaktig,hyrd,F2007
Martti,"2h, k, s, p",kt,"52,00",164000,3154,1948,6/7,ja,nöjaktig,egen,G2007
Vasaramäki,"2h, k, kh, p",kt,"56,00",155200,2771,1956,2/4,nej,bra,hyrd,
Vasaramäki,"2h,k,p",kt,"47,00",91000,1936,1961,4/4,nej,nöjaktig,hyrd,F2007
Port arthur,"2h,k,las.p",kt,"51,00",183000,3588,1963,1/8,ja,bra,egen,E2013
Varissuo,"2h, k, s",kt,"65,00",61500,946,1980,3/3,nej,nöjaktig,egen,F2013
Kaerla,"2h,k,kph,las.p",kt,"55,00",95000,1727,1964,3/4,nej,bra,egen,D2007
Keskusta,2h+k+kph/wc+par...,kt,"58,00",208000,3586,1954,6/6,ja,bra,egen,C2007
Raunistula,2 h+k+kph+p,kt,"55,00",123000,2236,1964,3/4,nej,bra,egen,G2013
Satama,"2 h,k,vh,parveke",kt,"57,00",250000,4386,2020,3/7,ja,,egen,A2018
Keskusta,2h+kk+kh+pv,kt,"41,50",141000,3398,1962,7/7,ja,nöjaktig,egen,F2013
Keskusta,"2h, k, kph, las...",kt,"55,00",209000,3800,1970,4/7,ja,bra,egen,F2013
Satama,"2 h,k,vh,terassi",kt,"57,00",250000,4386,2020,2/6,ja,,egen,A2018
Keskusta,2h+kk+kph/wc+pa...,kt,"49,00",188500,3847,1955,2/9,ja,bra,egen,G2013
Pohjola,"2h, k, p",kt,"57,00",166000,2912,1957,2/7,ja,bra,egen,F2013
Itäinen keskusta,"2h,k,kph,parveke",kt,"50,00",185000,3700,1962,7/7,ja,bra,egen,F2013
Satama,"2 h,k,vh,parveke",kt,"57,00",265000,4649,2020,5/6,ja,,egen,A2018
Runosmäki,"2h, k, kh, p",kt,"61,00",91000,1492,1975,4/6,ja,bra,egen,C2007
Itäinen keskusta,2h+k+kh,kt,"70,00",260200,3717,1924,5/5,ja,bra,egen,F
Uittamo,2h+k,kt,"54,00",138000,2556,1965,2/7,ja,bra,egen,E2013
Hannunniittu,2h+k,kt,"61,50",142152,2311,1976,1/6,ja,nöjaktig,egen,B2018
Härkämäki,"2h,k,kph,p",kt,"63,00",61000,968,1975,2/3,nej,nöjaktig,egen,
Varissuo,"2h,k,kph,lp",kt,"45,00",70000,1556,1987,10/12,ja,,egen,E2013
Kärsämäki,"2h, k, p",kt,"60,50",137000,2264,1975,3/3,nej,bra,egen,E
Vätti,"2h, k, kph, p.",kt,"44,50",119500,2685,1962,4/6,ja,bra,egen,F2013
Mäntymäki,2h+kt+s,kt,"54,50",201500,3697,2015,1/7,ja,bra,egen,B2018
Hepokulta,"2h,k,kph,wc,las.p",kt,"59,00",65441,1109,1971,3/4,ja,nöjaktig,egen,F2013
Ilpoinen,2 h+k,kt,"59,50",108000,1815,1974,7/8,ja,nöjaktig,egen,F2013
Satama,"2 h,kt,vh",kt,"43,00",187000,4349,2019,2/7,ja,,egen,B2013
Itäinen keskusta,2 h+k,kt,"51,00",175100,3433,1961,4/7,ja,bra,egen,G2013
Härkämäki,"2 h,k",kt,"57,50",70000,1217,1977,2/3,nej,nöjaktig,egen,D2013
Lauste,"2 h, k, vh, p",kt,"58,50",72000,1231,1974,4/8,ja,bra,hyrd,E2013
Runosmäki,"2h,k,kph,vh,p",kt,"62,00",56000,903,1974,2/3,nej,nöjaktig,egen,C2007
Keskusta,"2h, k",kt,"38,50",145000,3766,1941,4/8,ja,nöjaktig,egen,F2013
Kakolanmäki,"2 h,kt,vh",kt,"40,00",182251,4556,2020,4/6,ja,,hyrd,B2018
Runosmäki,"2h, k, kph, vh",kt,"58,00",89642,1546,1974,2/8,ja,bra,egen,C2007
Suikkila,"2h, k, kph, p",kt,"59,00",99000,1678,1973,1/3,nej,bra,egen,E2013
Keskusta,"2h,kk,las.p",kt,"41,00",150100,3661,1967,3/5,ja,bra,egen,C2013
Keskusta,"2h, k, p",kt,"61,00",165000,2705,1963,3/7,ja,nöjaktig,egen,E
Ispoinen,"2h, k, p",kt,"53,00",120000,2264,1980,3/5,ja,bra,egen,F
Petrelius,"2, k, kph, p",kt,"59,00",138000,2339,1969,4/8,ja,bra,egen,F2013
Laukkavuori,2h+k+kph+parveke,kt,"58,50",115000,1966,1972,6/7,ja,bra,egen,D2013
Port arthur,"2h,kt,kph,s,vh,lp",kt,"54,00",240000,4444,2014,5/5,ja,bra,egen,C2018
Keskusta,"2h,k,kph,vh,parv",kt,"56,00",184500,3295,1960,8/8,ja,bra,egen,D2013
Keskusta,2h+kt,kt,"37,50",200000,5333,2019,3/6,ja,bra,egen,C2013
Kohmo,"2h,k,s,lasit.pa...",kt,"52,00",107000,2058,1994,1/6,ja,nöjaktig,egen,E2013
Runosmäki,2h+k,kt,"62,00",62000,1000,1975,1/3,nej,bra,hyrd,D2013
Itäinen keskusta,2h+k,kt,"59,00",150000,2542,1977,4/6,ja,nöjaktig,egen,F2013
Luolavuori,"2h,k,p",kt,"53,50",120000,2243,1968,4/8,ja,bra,egen,E2013
Port arthur,2 h+k,kt,"56,00",173000,3089,1952,1/4,nej,,egen,F2013
Kupittaa,2h+kk+parv,kt,"36,00",150000,4167,1962,4/8,ja,nöjaktig,egen,F2013
Kakola,"2 h, kt, ph, p,...",kt,"37,50",180000,4800,2017,1/6,ja,bra,egen,C2013
Satama,"2 h,kt,vh,s",kt,"50,00",215000,4300,2019,3/7,ja,,egen,B2013
Itäinen keskusta,"2h, k",kt,"52,00",145000,2788,1962,4/7,ja,nöjaktig,egen,F2013
Keskusta,"2h, k, kph/wc, ...",kt,"41,00",147915,3608,1962,3/7,ja,nöjaktig,egen,D2013
Ilpoinen,"2 h, kk",kt,"47,50",83500,1758,1972,1/3,nej,bra,egen,D2018
Härkämäki,"2h,k,kph,p",kt,"65,00",72000,1108,1980,6/8,ja,bra,egen,B2013
Martti,"2h, k, s, p",kt,"54,00",202000,3741,2011,3/6,ja,bra,egen,E2007
Kakolanmäki,"2 h,kt,vh",kt,"40,00",174100,4353,2020,3/6,ja,,hyrd,B2018
Runosmäki,2h+k+kph+p (las...,kt,"61,00",94500,1549,1975,2/3,nej,bra,egen,E2007
Keskusta,"2 h, k, kph",kt,"73,00",185000,2534,1923,5/5,nej,nöjaktig,egen,
Nättinummi,2h+k+kph,kt,"60,50",92000,1521,1977,4/4,nej,bra,egen,D2013
Satama,"2 h,k,s,parveke...",kt,"60,00",269000,4483,2020,1/7,ja,,egen,A2018
Satama,"2 h,k,vh,parveke",kt,"57,00",259000,4544,2020,3/6,ja,,egen,A2018
Keskusta / linnanfältti,"2 h,kt,p",kt,"36,00",158890,4414,2020,1/4,ja,,hyrd,B2018
Uittamo,"2h, k, p",kt,"59,00",86000,1458,1969,1/3,nej,nöjaktig,egen,D
Keskusta,"2h, k,p",kt,"54,00",190000,3519,1961,4/8,nej,bra,egen,D2013
Keskusta / linnanfältti,"2 h,kt",kt,"39,00",170490,4372,2020,3/3,ja,,hyrd,B2018
Itäharju,"2h,kt,kph,s,p",kt,"42,00",165000,3929,2012,3/3,ja,bra,egen,A2007
Keskusta / linnanfältti,"2 h,kt,vh",kt,"45,00",189890,4220,2020,2/3,ja,,hyrd,B2018
Keskusta / linnanfältti,"2 h,kt,vh",kt,"45,00",191890,4264,2020,3/3,ja,,hyrd,B2018
Vasaramäki,"2h, kk",kt,"39,00",74100,1900,1961,1/4,nej,nöjaktig,hyrd,F2007
Vasaramäki,"2h,k,p",kt,"47,00",89300,1900,1961,4/4,nej,nöjaktig,hyrd,F2007
Luolavuori,"2h, k, kph, las...",kt,"53,00",147000,2774,1961,2/4,nej,bra,egen,G2013
Martti,"2h,k,kh,vh,lasi...",kt,"55,50",162000,2919,1975,6/6,ja,nöjaktig,egen,D2007
Runosmäki,"2h,k,kph,las.p",kt,"57,00",61000,1070,1975,2/6,ja,nöjaktig,egen,D2007
Vii kaupunginosa,2k+k+kph+p,kt,"60,00",183000,3050,1984,3/8,ja,nöjaktig,egen,C2007
Keskusta,"2h, k, p",kt,"54,00",188000,3481,1963,2/7,ja,bra,egen,D2007
Keskusta,"2 h, k, p",kt,"50,00",172500,3450,1962,5/7,ja,bra,egen,F2013
Vasaramäki,"2h,k,p",kt,"47,00",91650,1950,1961,2/4,nej,nöjaktig,hyrd,F2007
Kaerla,2h+k+kh+parv,kt,"61,50",91000,1480,1972,3/3,nej,nöjaktig,egen,F2013
Kakolanmäki,"2 h,kt,s,vh",kt,"48,00",190900,3977,2020,1/6,ja,,hyrd,B2018
Itäinen keskusta,"2h, k, kph/wc",kt,"57,00",205000,3596,1963,4/7,ja,bra,egen,D2018
Iso-heikkilä,2h+k+kph+p,kt,"66,00",153000,2318,1963,2/7,ja,bra,egen,G2013
Varissuo,"2h, k, lasitett...",kt,"60,00",65000,1083,1976,9/9,ja,bra,egen,F
Kähäri,2h+k,kt,"50,00",139000,2780,1955,3/4,nej,bra,egen,G2013
Kakolanmäki,"2h, kt",kt,"52,00",166900,3210,2019,1/3,ja,bra,,C
Länsikeskus,2h+k+s (yhti...,kt,"73,00",169000,2315,1988,2/5,ja,bra,egen,E2013
Lonttinen,2H+KT+S+P,kt,"45,00",182000,4044,2013,2/6,ja,bra,egen,E2013
Suikkila,"2h, k, p",kt,"60,00",112000,1867,1971,4/5,ja,bra,egen,F
Varissuo,"2h, k, s",kt,"65,00",59000,908,1980,3/3,nej,nöjaktig,egen,F
Martti,"2h,k,kph",kt,"45,00",162000,3600,1963,6/6,ja,bra,egen,D2007
Hepokulta,"2 h,kk",kt,"40,00",57500,1438,1971,1/7,ja,nöjaktig,egen,F2013
Vähäheikkilä,2 h+kt,kt,"41,50",187000,4506,2015,5/7,ja,bra,egen,B2018
Turku,"2 h, k, vh",kt,"46,50",53600,1153,1968,3/3,nej,dålig,egen,F2013
Satama,"2 h,k,vh,s",kt,"51,00",240380,4713,2019,6/7,ja,,egen,B2013
Satama,"2 h,kt,vh",kt,"43,00",180000,4186,2019,1/6,ja,,egen,B2013
Pohjola,"2h,k,kph,s,las....",kt,"62,00",231000,3726,2008,1/5,ja,bra,egen,E2013
Port arthur,2h+k,kt,"54,00",196000,3630,1952,1/4,nej,bra,egen,F2013
Kakolanmäki,"2 h,kt,s,vh",kt,"48,00",199900,4165,2020,3/6,ja,,hyrd,B2018
Ilpoinen,"2 h, k",kt,"55,00",78000,1418,1970,3/3,nej,nöjaktig,egen,F
Keskusta,"2h, kk",kt,"40,00",161590,4040,1963,4/8,ja,nöjaktig,egen,D
Turku,2H+KT,kt,"40,00",186900,4673,2020,5/6,nej,bra,hyrd,B2018
Keskusta / linnanfältti,"2 h,kt,s",kt,"44,00",225000,5114,2019,4/5,ja,,egen,C2013
Kakola,2H+KT+S,kt,"47,50",203367,4281,2020,4/6,ja,bra,egen,B2018
Itäinen keskusta,"2h, k, kph, p, vh",kt,"55,00",171500,3118,1965,1/7,ja,bra,egen,E2013
Länsikeskus,"2h, k, kh, p",kt,"55,50",88000,1586,1990,2/4,ja,nöjaktig,egen,
Keskusta,"2h, k, p",kt,"57,00",220000,3860,1954,2/6,ja,bra,egen,C2007
Harittu,2h+k+s,kt,"55,50",100000,1802,1990,2/3,nej,nöjaktig,egen,E2007
Keskusta itä,"2h, k, kh, p",kt,"54,00",172500,3194,1963,4/9,nej,nöjaktig,egen,F2013
Varissuo,"2h, k, p",kt,"60,00",60000,1000,1977,6/6,ja,nöjaktig,egen,E
Keskusta / linnanfältti,"2 h,kt",kt,"37,00",163490,4419,2020,3/3,ja,,hyrd,B2018
Kakolanmäki,"2 h,kt",kt,"37,00",172900,4673,2020,3/6,ja,,hyrd,B2018
Keskusta / linnanfältti,"2 h,kt",kt,"34,00",146890,4320,2020,2/4,ja,,hyrd,B2018
Martti,2h+kk,kt,"46,00",159000,3457,1955,4/6,ja,nöjaktig,egen,G2013
Turku,2H+KT+S,kt,"47,50",190900,4019,2020,1/6,nej,bra,hyrd,B2018
Itäinen keskusta,"2h, k, las.p",kt,"53,00",185000,3491,1968,6/7,ja,nöjaktig,egen,D2018
Itäinen keskusta,"2h, k, s, las.p",kt,"57,00",195000,3421,1988,3/6,ja,nöjaktig,egen,D2018
Varissuo,2h+k,kt,"60,00",55000,917,1977,3/4,nej,nöjaktig,egen,F2013
Kiikku,"2h,k",kt,"62,00",71000,1145,1974,1/6,ja,nöjaktig,egen,E2007
Hannunniittu,"2h,kk,vh",kt,"42,00",103000,2452,1966,6/6,ja,nöjaktig,egen,F2013
Runosmäki,"2h,k,kph",kt,"44,00",66000,1500,1976,6/6,ja,nöjaktig,egen,C2007
Runosmäki,"2h,k,kph,las.pa...",kt,"63,00",73000,1159,1973,1/3,nej,nöjaktig,egen,E2018
Satama,"2 h,k,vh,parveke",kt,"57,00",265000,4649,2020,5/6,ja,,egen,A2018
Martti,2h+avok+kph/wc+...,kt,"45,50",229000,5033,1998,1/5,ja,bra,egen,D2013
Keskusta,2h+kk,kt,"53,00",161000,3038,1929,8/8,ja,bra,egen,F2013
Satama,"2 h,kt,vh",kt,"43,00",192640,4480,2019,3/6,ja,,egen,B2013
Raunistula,"2h, kk, s",kt,"49,00",194000,3959,2012,2/5,ja,bra,egen,E
Kakolanmäki,"2 h,kt",kt,"37,00",177900,4808,2020,4/6,ja,,hyrd,B2018
Vähäheikkilä,2 h+kt,kt,"44,00",185000,4205,2015,4/7,ja,bra,egen,B2018
Satama,"2 h,k,vh,terassi",kt,"57,00",256000,4491,2020,2/6,ja,,egen,A2018
Keskusta / linnanfältti,"2 h,kt,vh",kt,"37,00",160000,4324,2020,2/3,ja,,hyrd,B2018
Satama,"2 h,k,vh,parveke",kt,"57,00",262000,4596,2020,4/6,ja,,egen,A2018
Mälikkälä,2h+kk+s,kt,"48,00",167000,3479,2011,5/5,ja,bra,egen,A2007
Satama,"2 h,kt,vh",kt,"43,00",187910,4370,2019,2/6,ja,,egen,B2013
Turku,"2h, k, kh, p",kt,"48,00",181000,3771,1957,4/8,ja,bra,egen,F2013
Uittamo,"2h,k,kph",kt,"52,00",121000,2327,1968,2/8,ja,bra,egen,F2013
Kurjenmäki,"2h,k",kt,"53,00",149000,2811,1961,7/7,ja,nöjaktig,egen,F2013
Harittu,"2h,k,s,p",kt,"58,50",120000,2051,1987,3/3,nej,nöjaktig,egen,D2007
Keskusta länsi,"2h, kk, kh, ran...",kt,"42,00",123900,2950,1962,8/9,ja,bra,egen,D2013
Raunistula,"1h, avok, s",kt,"45,50",184000,4044,2012,2/5,ja,bra,egen,E
Majakkaranta,"2h, k, kph, s, ...",kt,"52,00",172000,3308,1993,3/8,ja,bra,egen,F2013
Keskusta / linnanfältti,"2 h,kt,p",kt,"36,00",165890,4608,2020,4/4,ja,,hyrd,B2018
Kakolanmäki,"2 h,kt,s,vh",kt,"48,00",194900,4060,2020,2/6,ja,,hyrd,B2018
Keskusta,2h+k+p,kt,"49,00",167000,3408,1961,7/9,ja,nöjaktig,egen,F2013
Keskusta,"2h,k,kph,p",kt,"51,00",172000,3373,1964,3/7,ja,bra,egen,E2007
Keskusta,"2h kt, s",kt,"86,00",600000,6977,1898,4/5,ja,bra,egen,C
Satama,"2 h,kt,vh",kt,"43,00",204250,4750,2019,5/6,ja,,egen,B2013
Suikkila,2h+k+p,kt,"53,00",112000,2113,1966,4/8,ja,nöjaktig,egen,F2013
Keskusta,"2h, kt",kt,"80,00",526000,6575,1898,2/5,ja,bra,egen,C
Luolavuori,2h+kk,kt,"45,00",139000,3089,1961,1/8,ja,bra,egen,G2013
Runosmäki,"2 h, k, kph/wc,...",kt,"60,50",68000,1124,1977,2/6,nej,bra,egen,D2007
Raunistula,"2 h,kk,sauna.",kt,"49,00",193000,3939,2012,3/5,ja,bra,egen,E2013
Hannunniittu,"2 h, kk, kph, p",kt,"51,50",137000,2660,1972,6/6,ja,bra,egen,E2013
Nättinummi,2h+k+kph+2x vh,kt,"60,50",126000,2083,1972,3/7,ja,bra,egen,D2013
Keskusta,2h+kk+kh+p,kt,"45,00",147000,3267,1961,3/9,ja,bra,egen,F2013
Kakola,2H+KT+S,kt,"47,50",209900,4419,2020,5/6,ja,bra,egen,B2018
Satama,"1 h,tk,parveke",kt,"28,00",147000,5250,2020,3/7,ja,,egen,A2018
Halinen,"2h, k, kph, s, ...",kt,"62,50",100000,1600,1990,3/3,nej,bra,egen,F2013
Varissuo,"2h,k,kph,vh,las.p",kt,"58,50",63500,1085,1979,3/7,ja,bra,egen,F2013
Suikkila,"2h,k,kph,p",kt,"59,00",85000,1441,1973,2/3,nej,,egen,E2013
Satama,"1 h,tk,parveke",kt,"28,00",150000,5357,2020,4/7,ja,,egen,A2018
Kakolanmäki,2h+kt+s,kt,"47,50",212400,4472,2020,6/6,nej,bra,hyrd,B2018
Satama,"2 h,k,vh,parvek...",kt,"50,00",225000,4500,2020,2/6,ja,,egen,A2018
Paattinen,"2h,k,kph,vh,patio",kt,"44,00",45000,1023,1973,1/3,nej,nöjaktig,egen,E2013
Patterinhaka,"2h,kk",kt,"41,00",112750,2750,1955,6/7,ja,bra,egen,F2013
Satama,"1 h,tk,parveke",kt,"28,00",150000,5357,2020,4/6,ja,,egen,A2018
Keskusta,"2 h,k,kph,parv",kt,"54,00",163000,3019,1963,2/7,ja,nöjaktig,egen,D2007
Lauste,"2h, k, p",kt,"59,00",55000,932,1973,1/4,ja,nöjaktig,hyrd,F2013
Kakolanmäki,"2 h,kt,s,vh",kt,"48,00",199900,4165,2020,3/6,ja,,hyrd,B2018
Kakolanmäki,"2 h,kt,s,vh",kt,"48,00",214900,4477,2020,6/6,ja,,hyrd,B2018
Kakolanmäki,"2 h,kt,s,vh",kt,"49,00",192750,3934,2020,2/6,ja,,hyrd,B2018
Kakolanmäki,"2 h,kt,s,vh",kt,"49,00",192750,3934,2020,2/6,ja,,hyrd,B2018
Kakolanmäki,"2 h,kt,s,vh",kt,"49,00",197750,4036,2020,3/6,ja,,hyrd,B2018
Nummi,2h+kt,kt,"50,50",86000,1703,1966,2/2,nej,nöjaktig,egen,F2007
Hurttivuori,2h+k+las. p,kt,"51,00",75000,1471,1966,3/3,nej,nöjaktig,egen,F2013
Raunistula,2h+k+parv,kt,"53,50",95000,1776,1965,2/4,nej,nöjaktig,egen,D2007
Varissuo,"2h, k",kt,"64,00",70000,1094,1985,3/4,nej,bra,egen,E
Satama,"1 h,tk,parveke",kt,"28,00",144000,5143,2020,2/6,ja,,egen,A2018
Satama,"2 h,k,vh,s",kt,"51,00",226745,4446,2019,4/7,ja,,egen,B2013
Luolavuori,"2h, k, p",kt,"53,50",113000,2112,1968,6/8,ja,nöjaktig,egen,F2013
Ilpoinen,"2h,k,kph",kt,"55,00",70000,1273,1971,1/3,nej,nöjaktig,egen,F2013
Satama,"1 h,tk,parveke",kt,"28,00",144000,5143,2020,2/7,ja,,egen,A2018
Satama,"2 h,kt,vh",kt,"43,00",198230,4610,2019,4/6,ja,,egen,B2013
Länsikeskus,2h+k+ph+sauna,kt,"56,00",132000,2357,1985,1/2,nej,bra,egen,F2007
Keskusta,2h+k+s+parv.,kt,"43,00",165000,3837,1995,5/6,ja,bra,egen,F2013
Martti,"2h,k,s,lasit.pa...",kt,"66,00",217800,3300,1989,2/6,ja,bra,egen,C2007
Ilpoinen,2-3H+K+KPH+P,kt,"73,00",115000,1575,1972,3/7,ja,nöjaktig,egen,C2018
Satama,"1 h,tk,parveke",kt,"28,00",147000,5250,2020,3/6,ja,,egen,A2018
Keskusta,"2h,kk,s",kt,"53,50",200000,3738,1994,2/7,ja,bra,egen,D
Satama,"2 h,k,s,parveke...",kt,"56,00",252000,4500,2020,1/6,ja,,egen,A2018
Raunistula,2h+kt+s+p,kt,"46,50",226200,4865,2019,4/6,ja,bra,egen,C2013
Harittu,2h+k,kt,"58,00",96000,1655,1989,3/3,nej,bra,egen,C2007
Varissuo,"2h,k,kph,p",kt,"63,50",59500,937,1977,3/4,nej,nöjaktig,egen,F2013
Linnanfältti,"2 h,kt",kt,"33,00",139890,4239,2020,1/4,ja,,hyrd,B2018
Linnanfältti,"2 h,kt",kt,"41,00",177890,4339,2020,3/3,ja,,hyrd,B2018
Keskusta,"2 h, kk, kph, s...",kt,"62,00",251500,4056,2008,3/5,ja,bra,egen,F2013
Linnanfältti,"2 h,kt",kt,"33,00",142890,4330,2020,3/4,ja,,hyrd,B2018
Linnanfältti,"2 h,kt",kt,"33,00",144890,4391,2020,4/4,ja,,hyrd,B2018
Runosmäki,2 h+k+kph+p,kt,"63,00",74000,1175,1972,2/3,nej,nöjaktig,egen,E2007
Keskusta,2-3h+k+kph+wc,kt,"95,50",275000,2880,1948,6/7,ja,bra,egen,E2013
Suikkila,2h+pk,kt,"45,00",92000,2044,1970,1/8,ja,nöjaktig,egen,F2013
Kohmo,1h+tk+s,kt,"43,00",98000,2279,1993,1/1,ja,bra,egen,E2013
Itäinen keskusta,1-2h+k+kph/wc+s...,kt,"61,00",190000,3115,1991,5/7,ja,bra,hyrd,E2013
Luolavuori,2 h+k+kph+p,kt,"51,00",138000,2706,1959,2/7,ja,bra,egen,D2007
Port arthur,"2h,avok.,kph,s",kt,"52,00",196000,3769,2009,3/6,ja,bra,egen,C2007
Hepokulta,"2h,k,kph,lasit.p",kt,"59,00",90000,1525,1971,2/8,ja,bra,egen,F2013
Uittamo,2h+k+kph,kt,"52,00",118500,2279,1966,3/8,nej,bra,egen,F2013
Keskusta,"2h,k,kph",kt,"68,00",203500,2993,1928,5/6,ja,nöjaktig,egen,G2013
Kakola,2H+KT+S,kt,"48,50",203900,4204,2020,4/6,ja,bra,hyrd,B2018
Läntinen keskusta,2h+k+kh+pv,kt,"56,50",179500,3177,1971,3/8,nej,nöjaktig,egen,D2007
Keskusta itä,"2h,k,kh,lasit.p...",kt,"47,00",145000,3085,1963,1/6,ja,nöjaktig,egen,E2007
Suikkila,2h+k+kph,kt,"60,00",90000,1500,1972,3/3,nej,bra,egen,F2013
Portsa,2h+k+kph/wc+las...,kt,"59,00",175000,2966,1971,2/6,ja,nöjaktig,egen,G2013
Martti,"2h, k, kh, p",kt,"60,00",175000,2917,1961,6/6,ja,bra,egen,
Lauste,"2h,k,kph/wc, vh...",kt,"59,00",55000,932,1974,8/8,ja,,hyrd,E2013
Runosmäki,"2h, k, kph, par...",kt,"55,00",76116,1384,1977,3/6,nej,bra,egen,D2007
Keskusta,"2h, k, s",kt,"84,50",235000,2781,1991,5/5,ja,nöjaktig,egen,B2013
Nummi,"2h,kk,kph,ransk...",kt,"41,00",111002,2707,1960,4/4,nej,nöjaktig,egen,E2007
Kohmo,1h+tk+s,kt,"41,00",107000,2610,1993,3/7,ja,,egen,E2013
Läntinen keskusta,2H+k,kt,"50,00",130750,2615,1954,4/4,nej,nöjaktig,egen,F2013
Teräsrautela,2 h+k+kph+p,kt,"55,50",107500,1937,1985,3/3,nej,bra,egen,E2013
Telakkaranta,2h+tk+kph/wc+vh...,kt,"37,00",230000,6216,2015,4/7,ja,bra,egen,C2013
Pohjola,2h+kk+s+p,kt,"44,00",140000,3182,1957,3/7,nej,bra,egen,F2013
Harittu,2h+kk,kt,"43,00",82000,1907,1989,2/3,nej,nöjaktig,egen,C2013
Itäinen keskusta,"2h,k,p",kt,"49,00",178000,3633,1960,7/8,ja,nöjaktig,egen,G
Luolavuori,2h+k+ranskal. p,kt,"51,00",123000,2412,1961,4/8,ja,nöjaktig,egen,G2013
Suikkila,"2h, k, p",kt,"59,00",85000,1441,1975,2/3,nej,bra,egen,D2018
Läntinen keskusta,"2 h,kt,sauna",kt,"60,50",268000,4430,2014,5/6,ja,bra,egen,B2007
Paltta,"2 h,k,kph,vh,p",kt,"61,00",100000,1639,1975,2/5,nej,nöjaktig,egen,
Uittamo,"2h,k,kph,vh",kt,"52,00",115000,2212,1968,5/8,ja,bra,egen,F2013
Luolavuori,"2h, k",kt,"53,00",78000,1472,1966,3/5,ja,nöjaktig,egen,F
Luolavuori,2h+k+parv,kt,"53,50",135500,2533,1968,3/8,ja,bra,egen,F2013
Härkämäki,"2h,k,kph,p",kt,"65,00",60000,923,1980,4/8,ja,nöjaktig,egen,B2013
Läntinen keskusta,2h+k+wc/kph,kt,"57,00",235000,4123,1928,5/5,ja,bra,egen,D
Lauste,"2h, k, lasit.p",kt,"58,50",84000,1436,1975,1/8,ja,bra,hyrd,C2007
Koivula,2h+k +s,kt,"58,50",92000,1573,1985,3/3,nej,nöjaktig,egen,D2007
Keskusta,"2h, kk, s",kt,"53,00",168000,3170,1936,5/7,ja,bra,egen,B
Koivula,2h,kt,"59,50",106000,1782,1983,4/6,ja,bra,egen,C
Laukkavuori,"2 h, k, kph, p.",kt,"60,50",109500,1810,1972,1/7,ja,bra,egen,G2013
Uittamo,2h+k+kph+vh,kt,"57,00",96500,1693,1974,2/4,nej,bra,egen,D2007
Keskusta,"2h,k,vh,kph,wc,...",kt,"85,00",250258,2944,1991,4/5,ja,nöjaktig,egen,B2013
Kakolanmäki,"2h, k, s",kt,"48,50",205900,4245,2020,5/6,ja,bra,hyrd,B2018
Kakola,2h+k+pati,kt,"37,00",197000,5324,1911,1/5,ja,bra,egen,
Läntinen keskusta,"2h, k, p",kt,"57,00",175000,3070,1967,6/11,ja,,egen,F
Raunistula,2h+kt+p,kt,"37,00",200000,5405,2019,6/6,ja,bra,egen,C2013
Keskusta,2h+kk,kt,"46,00",127000,2761,1949,4/4,nej,bra,egen,F2013
Keskusta,"2h, kt, s, p",kt,"46,00",186000,4043,2007,7/8,ja,bra,egen,E
Härkämäki,"2h, k, kph, vh,...",kt,"58,50",74400,1272,1977,2/2,nej,bra,egen,C2007
Keskusta,"2 h,kk,kph",kt,"45,00",154000,3422,1961,4/8,ja,,egen,F2018
Kakolanmäki,"2 h,kt,s,vh",kt,"48,00",204900,4269,2020,4/6,ja,,hyrd,B2018
Itäinen keskusta,2h,kt,"49,00",170000,3469,1960,7/8,ja,bra,egen,G
Majakkaranta,"2h, avokeitti&#...",kt,"52,00",138000,2654,1993,1/8,ja,bra,egen,F2013
Pääskyvuori,"2h, k, p, kph/wc",kt,"59,00",88000,1492,1972,6/7,ja,,egen,G2013
Keskusta,"2h, k",kt,"51,00",154000,3020,1967,9/11,ja,bra,egen,F
Pohjola,2h+kt+s,kt,"43,00",196000,4558,2018,2/7,ja,bra,egen,C2013
Lauste,2h+kk,kt,"46,50",49500,1065,1981,3/4,nej,nöjaktig,egen,F2013
Majakkaranta,"1h, tk, s",kt,"51,00",184100,3610,1999,4/5,ja,nöjaktig,egen,D2013
Keskusta,"2 h,kt",kt,"40,00",213700,5343,2019,3/5,ja,,egen,C2013
Ruohonpää,"2 h, kt",kt,"42,00",167200,3981,2019,6/6,ja,bra,hyrd,C2018
Hepokulta,2h+k,kt,"59,00",93000,1576,1970,1/4,ja,bra,egen,
Keskusta,"2h, k, las.p",kt,"61,00",220000,3607,1955,7/11,ja,bra,egen,G2013
Läntinen keskusta,"2h, k, kph, s, p",kt,"48,50",180000,3711,2001,8/8,ja,nöjaktig,egen,E2013
Suikkila,2h+kk+kph+s+par...,kt,"49,00",105000,2143,1975,3/3,nej,bra,egen,D2018
Varissuo,2 h+k,kt,"60,00",68150,1136,1976,5/7,nej,nöjaktig,egen,F2013
Nättinummi,"2h, k",kt,"60,50",91500,1512,1971,2/8,ja,nöjaktig,egen,E
Veistämöntori,"2h, k, s, p (2kpl)",kt,"65,50",332000,5069,1996,3/5,ja,bra,egen,E
Kärsämäki,"2 h,k,kph,vh,parv",kt,"51,00",84000,1647,1956,1/3,nej,nöjaktig,egen,F2013
Runosmäki,"2h, k, las.p",kt,"62,00",74000,1194,1974,2/3,nej,nöjaktig,egen,D2007
Paltta,2h+k+kph+2xvh+l...,kt,"62,00",90000,1452,1975,4/5,ja,,egen,E2013
Läntinen keskusta,"2h, k, s",kt,"64,00",322000,5031,2014,5/6,ja,bra,egen,C2018
Läntinen keskusta,"2h, k",kt,"66,00",150000,2273,1957,6/7,ja,nöjaktig,egen,F
Kohmo,"2-3h,k,s,erill....",kt,"70,50",125500,1780,1994,6/7,ja,,egen,E2013
Kupittaa,"2h+k+parv,",kt,"55,00",130000,2364,1964,1/7,ja,nöjaktig,egen,F2013
Keskusta,"2h,kk",kt,"68,00",195000,2868,1929,1/5,ja,bra,egen,C2007
Länsikeskus,2h+k+p,kt,"51,50",167100,3245,2010,3/5,ja,bra,hyrd,D2013
Kakolanmäki,"2 h,kt,sauna",kt,"52,00",156000,3000,2015,-1/4,ja,bra,hyrd,B2013
Läntinen keskusta,2h+kt+s,kt,"54,00",274561,5084,2019,6/6,ja,bra,egen,C2013
Nättinummi,"2 h,k,parveke",kt,"62,00",99000,1597,1975,2/8,ja,bra,egen,E2013
Keskusta,"2h, k",kt,"66,00",152000,2303,1928,5/5,ja,bra,egen,F2013
Martti,2h+k+kph+parveke,kt,"54,00",223000,4130,1965,2/6,ja,bra,egen,G2013
Lauste,"2h,k,kph,vh,p",kt,"58,00",52096,898,1970,4/7,ja,nöjaktig,hyrd,F2013
Martti,2h+k,kt,"49,00",157000,3204,1963,6/9,ja,nöjaktig,egen,F2013
Nummi,2h+k+s,kt,"52,50",240000,4571,2018,5/6,ja,bra,egen,C2018
Herttuankulma,"2h, kt",kt,"39,50",148000,3747,2020,7/7,ja,bra,,B2018
Itäinen keskusta,2h+kk+p,kt,"46,00",159000,3457,1959,6/9,ja,bra,egen,F2013
Kastu,2h+kk,kt,"54,00",128000,2370,1965,3/3,nej,bra,egen,F2007
Keskusta itä,"2h,k,kh,parveke",kt,"46,50",137000,2946,1962,5/7,ja,nöjaktig,egen,F2013
Kärsämäki,"2h, k, kph, las...",kt,"51,00",104449,2048,1971,1/2,nej,bra,egen,E
Runosmäki,"2h, k, p",kt,"56,00",60000,1071,1975,6/6,ja,nöjaktig,egen,E
Länsikeskus,"2 h,kt",kt,"47,00",179258,3814,2019,4/5,ja,bra,hyrd,C2013
Luolavuori,"2h, k, parveke",kt,"52,50",114000,2171,1967,5/8,ja,nöjaktig,egen,D2013
Pohjola,"2 h, k, kph, vh, p",kt,"57,00",188500,3307,1957,7/7,ja,bra,egen,F2013
Martti,2h+k+s,kt,"54,00",197000,3648,1948,5/7,ja,bra,egen,G2013
Läntinen keskusta,2h+k+kph/wc,kt,"44,50",140000,3146,1962,7/8,ja,nöjaktig,egen,D
Läntinen keskusta,2h+k+wc/kph,kt,"47,00",245850,5231,1961,8/8,ja,bra,egen,D
Kakolanmäki,"2 h, k",kt,"36,50",169167,4635,2020,5/6,nej,bra,hyrd,B2018
Kakolanmäki,"2 h, k, s",kt,"47,50",195207,4110,2020,5/6,ja,bra,hyrd,B2018
Ruohonpää,"2 h, kt, vh",kt,"48,50",176200,3633,2019,4/6,ja,bra,hyrd,C2018
Länsikeskus,"2 h,kt",kt,"49,00",185028,3776,2019,3/5,ja,bra,hyrd,C2013
Petrelius,2h+k+p,kt,"61,00",131000,2148,1972,6/8,nej,nöjaktig,egen,
Keskusta,2h+k+kph,kt,"73,00",180000,2466,1925,3/5,nej,nöjaktig,egen,
Port arthur,2h+k,kt,"52,00",150000,2885,1958,4/8,ja,bra,egen,F2013
Pansio,2h+k,kt,"53,00",61125,1153,1948,1/4,nej,dålig,egen,
Keskusta,"2h, kk, p",kt,"38,00",131100,3450,1961,5/6,ja,,egen,D2007
Majakkaranta,"2 h,k,s,vh,lasit.p",kt,"52,00",159000,3058,1993,5/8,ja,bra,egen,F2013
Itäinen keskusta,"2h, k",kt,"54,00",170500,3157,1967,4/7,ja,nöjaktig,egen,G
Luolavuori,"2h, k",kt,"49,00",139000,2837,1961,1/4,nej,bra,egen,G2013
Itäinen keskusta,2h+k+kph+p,kt,"54,00",171500,3176,1959,5/8,ja,bra,egen,F2013
Härkämäki,"2h,k,kh,lasit.p...",kt,"65,00",67489,1038,1984,6/8,nej,nöjaktig,egen,
Majakkaranta,"2-3 h, k, s, p",kt,"75,00",306000,4080,2001,13/16,ja,nöjaktig,egen,C2007
Nummi,2h+kk+kh,kt,"53,00",136500,2575,1958,8/10,nej,bra,egen,
Kakolanmäki,"2 h,k,parveke",kt,"46,50",198000,4258,2017,3/6,ja,bra,egen,C2013
Lauste,"2h, k",kt,"57,00",46000,807,1973,1/4,nej,nöjaktig,hyrd,D
Martti,"2 h,k,kph,parv",kt,"57,00",210283,3689,1953,4/7,ja,,egen,D2007
Keskusta,2h+k+kph+wc+vh+s,kt,"61,00",187500,3074,1953,3/7,ja,nöjaktig,egen,F2013
Martti,"2 h, k, kpk, p.",kt,"60,00",174000,2900,1958,5/6,nej,dålig,egen,
lpoinen,"2h,k,kph,p",kt,"60,00",92000,1533,1973,4/9,ja,nöjaktig,egen,F2013
Petrelius,"2h, k, parveke",kt,"60,00",129000,2150,1974,2/8,ja,bra,egen,D
Kakola,"2h, kt, s",kt,"47,50",213076,4486,2020,6/6,ja,bra,hyrd,
Luolavuori,"2h, k",kt,"51,00",145000,2843,1959,2/6,ja,bra,egen,D
Itäharju,"2h,k,kph,erill....",kt,"57,00",82000,1439,1969,4/8,ja,nöjaktig,egen,E2018
Runosmäki,2h+k,kt,"60,50",83000,1372,1979,2/6,nej,bra,egen,
Keskusta,3h+k+s+vh+p,kt,"72,00",219000,3042,1983,3/5,ja,nöjaktig,egen,D2007
Satama,"3 h,k,s,khh,eri...",kt,"104,00",493000,4740,2020,7/7,ja,,egen,A2018
Nummi,"3h, k, kph, p",kt,"95,50",230000,2408,1951,2/4,nej,bra,egen,F2007
Ilpoinen,"3h, k, kh, wc, p",kt,"67,00",112000,1672,1971,5/8,ja,bra,egen,E2013
Runosmäki,"3 h, k, kph, wc...",kt,"79,00",99000,1253,1972,6/7,ja,bra,egen,D2007
Itäharju,3h+k+kph/wc+s+v...,kt,"69,00",220000,3188,2012,1/3,ja,bra,egen,B2013
Itäinen keskusta,"3 h, k, s",kt,"83,50",294000,3521,1999,5/8,ja,bra,egen,F2013
Uittamo,3 h+k+wc+kph+kh...,kt,"82,00",153000,1866,1974,3/7,nej,bra,egen,C2007
Martti,"3h, kk, kh",kt,"60,00",182000,3033,1939,3/5,ja,bra,hyrd,D2013
Keskusta,"3 h, k, kph, s, p.",kt,"80,50",230000,2857,1936,5/6,ja,bra,egen,C2007
Martti,"3h, k",kt,"66,00",217500,3295,1953,1/7,ja,bra,egen,C
Luolavuori,"3h, k, p",kt,"63,00",147000,2333,1961,5/8,ja,bra,egen,G2007
Suikkila,"3h,k,kph,vh,p",kt,"66,00",130000,1970,1968,3/8,ja,bra,egen,F2013
Kastu,3h+k,kt,"77,50",144000,1858,1970,1/3,nej,nöjaktig,egen,F2013
Port arthur,3 h+k,kt,"75,00",230000,3067,1958,6/8,ja,,egen,F2013
Ilpoinen,"3h,avokeitti...",kt,"76,50",146500,1915,1975,4/8,ja,bra,egen,
Ilpoinen,3h + k,kt,"76,50",132500,1732,1974,7/9,ja,bra,egen,F
Keskusta,"3h, k, kh, p",kt,"74,00",228000,3081,1958,6/7,ja,bra,egen,E2018
Varissuo,"3h, k",kt,"76,50",77000,1007,1976,9/9,ja,bra,egen,F
Uittamo,3h+k+s,kt,"80,00",144000,1800,1978,7/7,ja,bra,egen,D2007
Ilpoinen,"3 h, k, kph, p",kt,"73,00",100000,1370,1971,1/3,nej,bra,egen,D2018
Martti,3h+k+kph+parveke,kt,"65,50",232000,3542,1964,6/7,ja,bra,egen,E2013
Perno,3h+k+s,kt,"79,00",104000,1316,1984,2/3,nej,bra,egen,F2013
Härkämäki,"3h, k, las.p",kt,"79,50",87000,1094,1977,3/3,nej,nöjaktig,egen,C2007
Vasaramäki,"3h, k, kh, p",kt,"62,00",110000,1774,1961,2/4,nej,nöjaktig,hyrd,F2007
Satama,"3 h,k,s,khh,eri...",kt,"117,00",528000,4513,2020,6/6,ja,,egen,A2018
Varissuo,"3h,k,kph,sauna,...",kt,"77,00",88000,1143,1980,2/3,nej,bra,egen,E2013
Kakola,"3h, kt, kph, s,...",kt,"66,00",320000,4848,2018,1/2,ja,bra,hyrd,C2018
Keskusta,3h+k+kph+parveke,kt,"67,00",153000,2284,1960,4/9,ja,dålig,egen,D2018
Luolavuori,"3h, k, parveke",kt,"76,50",160000,2092,1974,4/8,ja,bra,egen,D
Lauste,3h+k+kph+wc+vh+...,kt,"75,00",65000,867,1969,7/7,ja,nöjaktig,hyrd,F2013
Varissuo,3h+k+s,kt,"76,50",74000,967,1980,2/6,ja,nöjaktig,egen,E2013
Suikkila,"3h,k, kh,wc, la...",kt,"80,00",156237,1953,1974,3/6,ja,bra,egen,G2013
Lauste,"3h,k,kph,lasite...",kt,"72,50",59000,814,1980,4/4,nej,nöjaktig,egen,F2013
Keskusta länsi,"3h, k, s, p",kt,"84,00",250000,2976,1989,3/6,ja,nöjaktig,egen,A2013
Jäkärlä,"3 h,k,kph,erill...",kt,"76,00",77000,1013,1981,1/1,nej,bra,egen,F2013
Majakkaranta,"3h,k,s,",kt,"79,00",240000,3038,2000,1/7,ja,bra,egen,F2013
Kärsämäki,3-4h+k+kph+p,kt,"73,50",145000,1973,1956,2/3,nej,bra,egen,F2013
Itäinen keskusta,"3h, k, p",kt,"59,00",202000,3424,1961,6/6,ja,nöjaktig,egen,D
Luolavuori,"3h,k,kh",kt,"68,00",152000,2235,1961,3/4,nej,bra,egen,G2013
Harittu,"3h,k,s",kt,"69,50",160000,2302,1988,5/5,ja,bra,egen,C2013
Kaerla,"3h,kk",kt,"71,00",132100,1861,1964,6/6,ja,nöjaktig,egen,D2013
Keskusta,3h+k+s,kt,"105,50",318000,3014,1991,5/5,ja,bra,egen,B2007
Koivula,"3h, ak",kt,"62,50",134000,2144,1985,3/6,ja,bra,egen,F
Satama,"3 h,k,s,erill. ...",kt,"81,00",366000,4519,2020,4/6,ja,,egen,A2018
Ispoinen,3h+k,kt,"67,00",112484,1679,1966,4/5,ja,bra,egen,F2013
Luolavuori,3h+k+p,kt,"75,00",139500,1860,1980,3/6,ja,nöjaktig,egen,C2013
Mälikkälä,"3h, kt, s",kt,"71,50",265961,3720,2018,3/4,ja,bra,egen,C
Halinen,3 h+k+s,kt,"92,00",129000,1402,1990,1/3,nej,bra,egen,F2013
Varissuo,3h+k,kt,"76,50",69000,902,1980,5/7,ja,nöjaktig,egen,E2013
Nättinummi,"3h,avok.,kph,s,...",kt,"76,50",123000,1608,1977,7/9,ja,bra,egen,B2013
Satama,"3 h,k,vh,s",kt,"61,00",253000,4148,2019,2/6,ja,,egen,B2013
Iso-heikkilä,"3 h, k, p",kt,"69,00",153000,2217,1959,2/7,ja,nöjaktig,egen,G2013
Keskusta,2-3h+k+vh+lasit...,kt,"69,00",190000,2754,1957,2/12,ja,bra,egen,F2013
Martti,"2 h, k, kph, p.",kt,"69,00",235000,3406,1953,7/7,ja,nöjaktig,egen,E2013
Luolavuori,"3h, kk",kt,"68,00",145900,2146,1961,1/4,nej,nöjaktig,egen,G2013
Uittamo,3h+k,kt,"71,00",158000,2225,1968,5/6,ja,nöjaktig,egen,D2007
Perno,"3h,k,kph,s,las.p",kt,"79,00",86000,1089,1983,2/3,nej,nöjaktig,egen,F2013
Itäinen keskusta,"3h,k,kph,p",kt,"87,00",293011,3368,1958,4/7,ja,nöjaktig,egen,G2013
Kakolanmäki,"3 h,kt,s",kt,"74,00",317000,4284,2020,4/6,ja,,hyrd,B2018
Keskusta,"3h,k,p",kt,"74,00",205000,2770,1950,2/7,ja,nöjaktig,egen,E2013
Hannunniittu,3h+k,kt,"75,50",123000,1629,1972,2/6,ja,nöjaktig,egen,E2013
Perno,"3h,k,s,kph,p",kt,"79,00",91000,1152,1983,1/3,nej,bra,egen,F2013
Satama,"3 h,k,2xvh,s",kt,"101,00",474360,4697,2019,6/6,ja,,egen,B2013
Portsa,"3 h, k",kt,"68,00",228500,3360,1958,7/8,ja,bra,egen,F
Länsiranta,"2-3 h,kt,s,parv",kt,"73,00",379600,5200,2019,3/6,ja,,egen,C2018
Nummi,"3 h, k, kph, p.",kt,"75,00",109809,1464,1971,2/3,nej,nöjaktig,egen,F2013
Itäinen keskusta,3h+k+vh+kph+p,kt,"63,00",234000,3714,1967,9/9,ja,bra,egen,D2013
Keskusta / linnanfältti,"2-3 h,kt,s",kt,"62,00",297417,4797,2019,4/5,ja,,egen,C2013
Satama,"3 h,k,s,parveke",kt,"69,00",305000,4420,2020,3/6,ja,,egen,A2018
Satama,"3 h,k,s,parveke",kt,"69,00",309000,4478,2020,4/6,ja,,egen,A2018
Satama,"3 h,k,s,parveke",kt,"69,00",313000,4536,2020,5/6,ja,,egen,A2018
Kärsämäki,"3h, k, saunaosasto",kt,"105,00",130000,1238,1952,1/2,nej,bra,hyrd,D2013
Lauste,"3h,k,ph,wc,p",kt,"77,00",65000,844,1976,4/4,nej,bra,egen,F2013
Itäinen keskusta,"3 h,pk.kph,parv",kt,"52,00",176000,3385,1966,2/7,ja,,egen,E2013
Keskusta,"3 h,k,avok.,kph...",kt,"53,00",161500,3047,1961,2/6,ja,,hyrd,D2007
Runosmäki,3 h+k,kt,"79,00",85000,1076,1976,1/6,ja,nöjaktig,egen,C2007
Itäinen keskusta,"2-3 h, avok, ph...",kt,"95,00",360000,3789,1962,7/7,ja,bra,egen,F2013
Satama,"3 h,k,s",kt,"55,00",259600,4720,2019,6/7,ja,,egen,B2013
Ruohonpää,3h+KT+S,kt,"60,00",219100,3652,2019,4/6,nej,bra,hyrd,
Ruohonpää,3h+KT+S,kt,"60,00",214800,3580,2019,3/6,nej,bra,hyrd,
Ruohonpää,3h+KT+S,kt,"60,00",223400,3723,2019,5/6,nej,bra,hyrd,
Varissuo,"3h, k, kph,p",kt,"78,00",69000,885,1977,3/3,ja,bra,egen,F2013
Uittamo,"3 h,k,sauna",kt,"79,00",144000,1823,1986,1/7,ja,nöjaktig,egen,B2007
Nättinummi,"2-3 h, k, kph, p",kt,"75,00",137000,1827,1971,4/8,ja,bra,egen,E2013
Itäinen keskusta,3h+k+vh+kph+p,kt,"63,00",234000,3714,1967,9/9,ja,bra,egen,D2013
Lauste,"3 h,k,kph,parv",kt,"72,00",72000,1000,1980,2/4,nej,,egen,F2013
Kakolanmäki,"3 h,kt,s",kt,"74,00",329900,4458,2020,5/6,ja,,hyrd,B2018
Runosmäki,"3h,k,s,kph,lp",kt,"80,00",103252,1291,1973,2/3,nej,nöjaktig,egen,E2018
Westpark,4h+k+s,kt,"75,00",244000,3253,2015,1/5,nej,bra,egen,C2013
Lauste,"3 h,k,kph,wc,parv",kt,"76,00",69000,908,1973,1/3,ja,bra,hyrd,F2013
Uittamo,3h+k+s,kt,"78,00",167092,2142,1986,1/7,ja,bra,egen,B2007
Keskusta,5h+k+kph+2xp+ap11,kt,"119,00",367479,3088,1960,8/8,ja,bra,egen,D2007
Keskusta,"3h, k",kt,"62,00",170000,2742,1960,9/9,ja,bra,egen,D2018
Ispoinen,"3 h, k, ph, p",kt,"65,00",100000,1538,1966,3/5,ja,nöjaktig,egen,F2013
Hannunniittu,"3 h, k, ph, p",kt,"66,00",115000,1742,1964,6/6,ja,nöjaktig,egen,G2013
Härkämäki,"3h,k,s,kph,lasi...",kt,"77,00",90000,1169,1984,1/8,ja,bra,egen,B2007
Varissuo,"3h, k",kt,"79,50",70000,881,1977,2/3,nej,bra,egen,F2013
Uittamo,"3h, k, p",kt,"80,00",106000,1325,1976,3/7,ja,nöjaktig,egen,D
Suikkila,"3h, k, kh, wc, p",kt,"80,00",124368,1555,1971,5/5,ja,bra,egen,F2013
Keskusta,"3h,k,kph/s,wc,p...",kt,"65,00",238500,3669,2002,5/7,ja,,egen,F2013
Vasaramäki,"3h, k, kph, p",kt,"65,50",168000,2565,1964,4/4,ja,bra,hyrd,G2013
Keskusta,"3h, k",kt,"69,00",183500,2659,1967,3/11,ja,bra,egen,F
Vienola,3h+k+kph+vh+p,kt,"74,00",74000,1000,1966,2/3,nej,nöjaktig,egen,F2013
Petrelius,3h+k+parv,kt,"76,50",165000,2157,1976,3/8,ja,nöjaktig,egen,D2007
Uittamo,3h+k+kph+wc+vh,kt,"79,50",126500,1591,1970,2/3,nej,nöjaktig,egen,E2013
Varissuo,3h+k+s+p+vh,kt,"76,50",86000,1124,1980,2/6,nej,nöjaktig,egen,E2013
Martti,"3,h,k,kph",kt,"64,00",174000,2719,1947,2/2,nej,bra,hyrd,E2018
Keskusta,"3 h,k,kph,vh,parv",kt,"78,00",215000,2756,1962,2/8,ja,bra,egen,D2007
Iso-heikkilä,"3h,k,kph/wc,parv",kt,"66,00",158000,2394,1958,4/7,ja,,egen,F2013
Keskusta,"3 h, k, kph, p.",kt,"70,00",165000,2357,1969,3/7,ja,nöjaktig,egen,F2013
Keskusta,"3h,k,kph,wc,2p",kt,"95,00",280000,2947,1958,6/8,ja,bra,egen,F2013
Keskusta,"3h, k, kph, p",kt,"63,00",174000,2762,1962,5/7,ja,bra,egen,F
Hannunniittu,"3h,k,kph,p",kt,"70,00",122000,1743,1966,3/7,ja,,egen,F2013
Itäinen keskusta,"3 h,k,kph,lasit...",kt,"70,00",165000,2357,1969,5/6,ja,,egen,D2007
Hannunniittu,"3h, k, p",kt,"77,00",130000,1688,1974,2/6,ja,bra,egen,E
Harittu,"3h, k, s, p",kt,"77,50",130000,1677,1989,5/6,ja,bra,egen,C2007
Telakkaranta,3h+avok+wc+kph/...,kt,"80,50",419000,5205,2015,4/7,ja,bra,egen,C2013
Itäinen keskusta,3h+k,kt,"61,50",199000,3236,1965,5/8,ja,bra,egen,F
Kähäri,"3h,kt,s",kt,"68,00",232500,3419,2015,3/3,ja,bra,egen,
Martti,3 h+k,kt,"80,00",175000,2188,1971,6/7,ja,nöjaktig,egen,E2007
Itäharju,"3 h,k,kph,s,wc,...",kt,"80,00",255000,3188,2013,3/3,ja,bra,egen,C2018
Laukkavuori,3h,kt,"75,00",104000,1387,1971,3/7,ja,nöjaktig,egen,F
Luolavuori,"3h,ikk.kk,vh,kh...",kt,"51,00",142000,2784,1958,7/8,ja,bra,egen,F2013
Perno,"3 h,k,s,lasitet...",kt,"80,00",86000,1075,1979,3/3,nej,bra,egen,F2007
Keskusta,"3h,k,kph,s,parv",kt,"73,00",223000,3055,1958,3/8,ja,,egen,F2013
Itäinen keskusta,"3 h, k, p",kt,"65,50",180000,2748,1964,6/7,ja,nöjaktig,egen,D2007
Itäinen keskusta,"3h,k,kph,p",kt,"57,50",138000,2400,1961,7/7,ja,nöjaktig,egen,D2013
Länsikeskus,3h+k+s,kt,"70,50",230000,3262,2010,3/5,ja,bra,hyrd,D2013
Keskusta,"3h,k,kph,p",kt,"95,00",268000,2821,2001,2/4,ja,,egen,D2018
Ruohonpää,"3h, kt, vh",kt,"60,00",223400,3723,2019,5/6,ja,bra,hyrd,C2018
Ilpoinen,3h+k+kph+wc+p (...,kt,"67,00",113000,1687,1968,,ja,,egen,E2007
Patterinhaka,"3h, kk, p",kt,"56,00",104000,1857,1957,4/7,ja,nöjaktig,egen,F
Laukkavuori,3h+k+kph+wc+vh,kt,"77,00",155000,2013,1974,5/7,ja,bra,egen,F2013
Kupittaa,"3h, k, 2 x lasi...",kt,"74,00",223000,3014,1983,5/9,ja,nöjaktig,egen,C2018
Suikkila,"3 h, k, p",kt,"80,00",65298,816,1972,2/4,nej,nöjaktig,egen,D2007
Suikkila,"3h, k, kph, wc,...",kt,"80,00",65298,816,1972,2/4,nej,dålig,egen,D2013
Ilpoinen,"3h,k,WC,kph,vh,...",kt,"76,00",101000,1329,1975,4/8,ja,nöjaktig,egen,F2013
Kakolanmäki,"3 h,kt,sauna",kt,"63,00",205000,3254,2015,3/4,ja,bra,hyrd,A2013
Kähäri,3h+k,kt,"65,00",125000,1923,1967,2/4,nej,nöjaktig,egen,D2007
Laukkavuori,3h+k+parv,kt,"75,00",95000,1267,1970,4/7,ja,nöjaktig,egen,F2013
Kakolanmäki,"3 h,k,sauna",kt,"63,50",265000,4173,2013,3/4,ja,bra,egen,B2007
Uittamo,3h+k+kph+wc+vh,kt,"80,00",107000,1338,1980,2/3,nej,nöjaktig,egen,B2007
Kakolanmäki,"3 h,kt,sauna",kt,"63,00",211000,3349,2015,4/4,ja,bra,hyrd,B2013
Keskusta,"3 h, k, kph, p",kt,"76,00",210000,2763,1955,5/7,ja,nöjaktig,egen,D2013
Portsa,"3h, k",kt,"76,00",165000,2171,1972,4/6,ja,nöjaktig,egen,F
Suikkila,"3h,k,kph,vh,p",kt,"66,00",129001,1955,1968,1/8,ja,bra,egen,F2013
Herttuankulma,"3h, kt,s",kt,"71,50",254250,3556,2020,3/7,ja,bra,,B2018
Keskusta,3h+k+kph+vh+p,kt,"76,00",232000,3053,1963,1/7,ja,bra,egen,E2007
Härkämäki,"3h, k",kt,"76,50",80000,1046,1980,1/8,ja,bra,egen,B2013
Luolavuori,"3h, k",kt,"51,00",142000,2784,1958,4/8,ja,bra,egen,F2013
Teräsrautela,"3 h, k, s, lasp",kt,"73,00",179000,2452,2003,4/8,ja,bra,egen,C2013
Petrelius,"3 h, k, kph, wc...",kt,"76,50",162000,2118,1974,1/8,ja,bra,egen,D2013
Paltta,"3h,k,kph,wc,vh,s",kt,"78,00",120000,1538,1975,5/5,ja,nöjaktig,egen,E2013
Läntinen keskusta,"3 h, kt, s",kt,"64,50",333202,5166,2019,6/6,ja,bra,egen,C2013
Vasaramäki,"2mh,avok/oh,kph,p",kt,"50,00",140000,2800,1963,2/4,nej,bra,egen,F2013
Runosmäki,"3h,k, wc, kph/w...",kt,"79,00",53000,671,1974,3/3,nej,,egen,E2018
Läntinen keskusta,3h+kt+s,kt,"63,00",322136,5113,2019,6/6,ja,bra,egen,C2013
Pohjola,"2mh,oh,k,kph/s,...",kt,"68,00",230000,3382,2012,2/5,ja,bra,egen,D2007
Varissuo,3h+k,kt,"77,50",59000,761,1976,5/6,nej,nöjaktig,egen,
Itäinen keskusta,"3h, k, s",kt,"77,50",233000,3006,1976,6/8,ja,bra,egen,D
Kakolanmäki,"3 h, k, sauna",kt,"90,00",369950,4111,2013,4/4,ja,bra,egen,B2007
"Raunistula, pohjola",3h+keittiö...,kt,"78,00",244000,3128,2005,3/4,ja,,egen,E2013
Vasaramäki,3h+k+kph+p,kt,"60,00",145000,2417,1965,3/5,ja,nöjaktig,egen,F
Hepokulta,"3h,k,kph, parve...",kt,"77,00",95000,1234,1971,4/4,ja,nöjaktig,egen,F
Luolavuori,3h+k,kt,"74,00",118000,1595,1960,4/4,nej,bra,egen,
Ispoinen,"3h, k, kph, p",kt,"65,00",119000,1831,1966,5/5,ja,nöjaktig,egen,E
Härkämäki,"4h, k, kph, p, ...",kt,"97,00",87000,897,1975,1/3,nej,bra,egen,D2013
Suikkila,4h+k,kt,"87,00",159571,1834,1968,1/8,ja,bra,egen,F2013
Keskusta,"4h,k,p",kt,"87,50",262000,2994,1966,7/9,ja,nöjaktig,egen,G2013
Satama,"4 h,k,khh,s",kt,"110,00",522315,4748,2019,6/7,ja,,egen,B2013
Petrelius,"4-5h,k,kph,wc,s...",kt,"134,00",282000,2104,1969,8/8,ja,bra,egen,F2013
Itäharju,4h+k,kt,"84,00",135267,1610,1969,6/8,ja,bra,egen,E2013
Kastu,4h+k,kt,"80,00",119000,1488,1966,5/8,ja,nöjaktig,egen,D2007
Nummi,"3-4 h, k, kph, ...",kt,"83,00",175000,2108,1966,4/5,ja,nöjaktig,egen,F2013
Härkämäki,"4h, k, s, p",kt,"98,00",100000,1020,1980,9/9,ja,nöjaktig,egen,C
Satama,"4 h,k,s,erill.w...",kt,"131,00",606000,4626,2020,7/7,ja,,egen,A2018
Suikkila,4h+k+s,kt,"99,00",145000,1465,1978,2/6,ja,nöjaktig,egen,D
Runosmäki,4h+k+las. p,kt,"95,00",126000,1326,1973,3/6,ja,bra,egen,D2007
Petrelius,4h+k+wc+kph/wc+...,kt,"120,00",276000,2300,1969,7/8,ja,,egen,F2013
Keskusta,"5h, k",kt,"168,00",401000,2387,1906,2/3,nej,nöjaktig,egen,E
Läntinen keskusta,4h+k+kph+parveke,kt,"98,00",211000,2153,1957,2/9,ja,nöjaktig,egen,D2007
Itäinen keskusta,"4h,k,vh,kph,wc,p",kt,"84,00",230000,2738,1972,5/7,ja,nöjaktig,egen,D2013
Ilpoinen,"4h,k,kph,wc,s",kt,"91,00",128000,1407,1975,2/8,ja,,egen,F2013
Ilpoinen,4h+k,kt,"86,00",126000,1465,1972,3/7,ja,nöjaktig,egen,F2007
Kakolanmäki,"4 h,k,s,erill.w...",kt,"88,00",390900,4442,2020,3/6,ja,,hyrd,B2018
Keskusta,"4 h,k,wc,ph",kt,"159,00",362000,2277,1928,4/5,ja,bra,egen,D2007
Lauste,4h,kt,"87,50",63000,720,1973,1/4,nej,nöjaktig,hyrd,D
Martti,"4h,k,p",kt,"81,50",226979,2785,1968,5/6,ja,bra,egen,F2013
Kastu,4h+k,kt,"80,00",125000,1563,1966,4/8,ja,nöjaktig,egen,D2007
Keskusta,"4h, k",kt,"84,50",275000,3254,1961,6/8,ja,bra,egen,C2018
Hepokulta,"4h,k,kph,wc,las...",kt,"94,00",127000,1351,1972,1/8,ja,bra,egen,F2013
Lauste,"4h,k,vh,kph,wc,...",kt,"91,00",85000,934,1975,8/8,ja,bra,hyrd,D2018
Turku,3-4h+k+kph+s+wc,kt,"99,00",130000,1313,1984,2/2,nej,nöjaktig,egen,
Lauste,"4h, k, vh ja la...",kt,"90,50",71000,785,1975,1/8,ja,,hyrd,C2007
Runosmäki,"4h, k, kph, las...",kt,"95,00",110000,1158,1972,1/6,ja,bra,egen,D
Petrelius,"5-6 h,k,kph,2xparv",kt,"149,00",239000,1604,1969,8/8,ja,nöjaktig,egen,F2013
Uittamo,"5h,kh,wc,vh,las...",kt,"108,00",142000,1315,1975,6/7,ja,nöjaktig,egen,D2007
Suikkila,"4h, k, s, p",kt,"99,00",150000,1515,1977,2/7,ja,bra,egen,F
Teräsrautela,"4h, k, kph, wc,...",kt,"90,00",180000,2000,1987,2/3,nej,bra,egen,D2013
Lauste,"4h, k, kh, eril...",kt,"87,50",80000,914,1971,2/4,nej,bra,hyrd,F2013
Itäinen keskusta,"4h, k, s",kt,"97,50",235000,2410,1981,5/6,ja,nöjaktig,egen,F2013
Itäinen keskusta,"4 h, k, ph/wc, ...",kt,"120,00",319000,2658,1960,8/8,ja,bra,egen,G2013
Ruohonpää,"4 h, kt, s, vh",kt,"83,50",308900,3699,2019,5/6,ja,,hyrd,C2018
Itäinen keskusta,4h+k+s,kt,"93,00",255000,2742,1991,2/7,ja,nöjaktig,egen,D2007
Raunistula,"4h, k, s",kt,"99,50",248000,2492,2002,2/6,ja,bra,egen,F
Ilpoinen,4h+k+eril. wc+l...,kt,"81,00",96000,1185,1968,5/8,ja,dålig,egen,E2007
Läntinen keskusta,"4h, k",kt,"91,00",192000,2110,1956,1/6,ja,nöjaktig,egen,D
Petrelius,"3mh, oh, k, rt,...",kt,"196,00",380000,1939,1980,8/8,ja,bra,egen,C2007
Suikkila,"4h,k,2wc,kph,la...",kt,"99,00",131708,1330,1974,2/6,ja,nöjaktig,egen,G2013